GET,782
GET,541
GET,822
GET,299
GET,669
GET,3750
GET,471
POST,3657
GET,502
GET,1295
GET,569
POST,2385
GET,356
GET,268
GET,234
GET,222
GET,222
GET,218
GET,220
GET,212
GET,219
GET,383
DELETE,201
POST,2482
GET,311
GET,272
DELETE,275
DELETE,284
GET,227
GET,211
GET,473
GET,662
GET,263
GET,261
DELETE,269
POST,2763
GET,352
GET,318
GET,2887
POST,2172
GET,529
GET,247
POST,1579
GET,242
GET,217
POST,8398
GET,491
POST,9582
GET,427
GET,364
GET,1844
GET,338
GET,281
GET,251
GET,410
POST,5864
GET,354
POST,11594
GET,365
GET,316
GET,227
GET,231
GET,226
GET,423
GET,268
GET,1373
GET,297
GET,236
GET,236
GET,274
GET,220
POST,2763
GET,6584
GET,518
GET,1008
GET,695
GET,748
GET,259
POST,3375
GET,440
GET,245
POST,1342
GET,407
GET,218
GET,647
GET,266
POST,1937
GET,265
DELETE,245
POST,1681
DELETE,260
DELETE,234
GET,8720
GET,1172
GET,3839
GET,5102
GET,1001
GET,5018
POST,6691
GET,1868
GET,299
GET,771
GET,553
GET,278
DELETE,246
DELETE,286
GET,265
GET,310
GET,387
GET,244
GET,260
GET,240
GET,195
DELETE,238
GET,239
GET,302
DELETE,407
GET,302
GET,271
GET,1982
GET,5368
GET,346
GET,358
GET,5024
DELETE,4485
GET,1498
GET,4998
GET,258
DELETE,466
DELETE,265
GET,525
GET,249
GET,453
GET,398
GET,380
GET,219
GET,226
GET,228
GET,397
GET,387
GET,289
GET,234
POST,4577
POST,2532
GET,401
GET,285
GET,238
GET,247
GET,239
GET,8657
GET,5099
POST,7214
GET,364
GET,268
GET,246
DELETE,229
GET,256
GET,278
GET,277
GET,248
GET,252
GET,1207
GET,251
GET,246
DELETE,248
GET,245
GET,456
GET,252
GET,245
GET,243
GET,241
DELETE,242
GET,242
GET,252
GET,235
GET,241
GET,244
GET,422
GET,240
GET,245
GET,244
GET,451
GET,195
GET,230
DELETE,228
GET,224
GET,219
GET,233
GET,231
GET,366
GET,361
GET,237
GET,234
GET,239
GET,242
GET,391
DELETE,205
GET,242
GET,405
GET,368
GET,200
GET,185
POST,13302
GET,457
GET,274
GET,275
GET,264
GET,263
GET,261
GET,270
POST,2798
DELETE,289
GET,268
GET,259
POST,13367
GET,446
DELETE,254
GET,252
GET,222
GET,223
GET,434
GET,1157
GET,667
GET,538
GET,2378
GET,262
POST,3518
GET,435
DELETE,475
POST,18854
GET,3172
GET,272
GET,1606
POST,5899
GET,348
DELETE,299
GET,284
GET,5027
DELETE,1983
POST,12962
GET,1058
GET,1144
GET,1015
GET,4867
GET,8956
GET,5037
DELETE,2007
POST,5301
GET,280
GET,283
GET,251
GET,586
GET,403
POST,1703
GET,279
GET,239
GET,418
POST,2236
GET,578
DELETE,443
GET,1973
DELETE,254
POST,3164
GET,350
GET,256
GET,252
POST,7476
GET,585
GET,371
GET,201
GET,436
DELETE,256
GET,220
GET,243
GET,402
GET,247
GET,236
GET,233
POST,6612
GET,297
GET,280
GET,261
POST,3357
DELETE,308
GET,268
GET,433
DELETE,508
POST,11158
POST,2857
DELETE,329
GET,278
GET,270
GET,252
GET,219
GET,253
GET,432
GET,249
GET,299
GET,264
GET,249
GET,221
POST,1355
POST,220
GET,347
GET,959
GET,1003
GET,998
GET,804
GET,260
GET,251
GET,259
GET,309
GET,246
GET,222
GET,306
GET,255
GET,385
GET,229
GET,239
GET,245
GET,215
POST,15823
GET,975
GET,5052
GET,477
GET,316
POST,3379
GET,284
GET,261
DELETE,269
DELETE,248
DELETE,247
GET,257
GET,260
GET,254
DELETE,266
GET,264
GET,483
GET,235
GET,257
GET,296
GET,279
GET,267
GET,5443
DELETE,670
GET,270
GET,359
GET,218
GET,390
DELETE,204
GET,218
GET,218
GET,224
GET,212
GET,217
POST,2030
POST,5415
GET,288
POST,2730
GET,593
GET,258
GET,1346
GET,456
GET,299
GET,257
GET,218
DELETE,222
GET,304
GET,247
GET,330
GET,241
GET,239
GET,237
GET,207
GET,218
GET,236
GET,239
GET,243
GET,203
GET,211
GET,220
GET,1457
GET,5091
DELETE,939
GET,2146
GET,2057
GET,268
GET,239
GET,245
POST,10606
GET,355
GET,399
GET,279
GET,555
GET,2846
GET,380
GET,335
GET,272
GET,229
DELETE,478
GET,243
GET,221
GET,444
GET,282
GET,116
GET,335
GET,256
GET,266
GET,493
GET,199
DELETE,221
POST,1601
POST,1823
POST,1794
GET,280
DELETE,234
GET,252
POST,5094
GET,489
GET,250
GET,251
GET,648
POST,1994
GET,253
DELETE,1335
POST,13864
GET,4290
GET,270
GET,243
GET,521
GET,273
GET,255
DELETE,258
DELETE,928
GET,322
GET,266
GET,4410
GET,5116
DELETE,978
GET,4953
GET,342
GET,253
GET,252
GET,277
GET,332
POST,1815
GET,260
GET,451
GET,428
DELETE,432
GET,337
GET,923
GET,400
GET,236
GET,250
GET,1782
GET,309
GET,241
GET,224
DELETE,1641
GET,1923
GET,5057
GET,983
GET,1006
GET,2217
DELETE,246
GET,239
GET,268
DELETE,185
GET,233
GET,235
GET,231
GET,238
GET,972
GET,221
GET,822
POST,14898
GET,1886
GET,3130
GET,5990
DELETE,4517
GET,1521
GET,4375
GET,472
GET,404
GET,244
GET,242
GET,240
GET,235
GET,226
GET,235
GET,289
GET,227
GET,231
DELETE,230
POST,3375
GET,291
GET,262
GET,264
GET,277
GET,274
DELETE,251
GET,257
GET,280
GET,192
GET,101
GET,227
GET,238
GET,327
GET,203
GET,273
GET,204
DELETE,228
GET,747
GET,320
GET,243
GET,245
GET,241
DELETE,221
POST,9006
GET,4859
GET,763
GET,288
GET,248
GET,260
GET,254
POST,1235
GET,247
GET,253
DELETE,249
POST,2522
GET,297
DELETE,260
GET,441
GET,230
GET,431
DELETE,770
GET,626
GET,253
GET,244
GET,225
GET,562
DELETE,229
GET,399
GET,397
GET,239
GET,241
POST,3807
GET,344
GET,453
GET,248
GET,256
GET,247
GET,423
POST,2756
GET,307
GET,251
GET,247
GET,251
DELETE,333
GET,237
GET,220
GET,241
GET,586
GET,190
GET,214
GET,222
GET,404
POST,3163
GET,284
GET,544
GET,459
GET,306
GET,222
GET,227
GET,222
GET,411
DELETE,327
GET,211
GET,221
GET,219
DELETE,472
GET,241
DELETE,1213
GET,4063
POST,7095
GET,4521
GET,426
DELETE,283
POST,10169
POST,3336
GET,437
GET,258
GET,253
GET,2374
DELETE,5120
GET,966
GET,5092
GET,633
GET,270
GET,308
GET,426
POST,2211
DELETE,294
GET,457
GET,258
GET,821
POST,3366
GET,521
GET,352
GET,402
GET,478
GET,292
GET,277
DELETE,2466
GET,2960
DELETE,750
DELETE,1314
GET,1246
GET,326
GET,261
GET,306
POST,2879
GET,292
GET,3205
GET,272
GET,247
GET,452
DELETE,2496
GET,1002
GET,1000
POST,8679
POST,5692
POST,3736
POST,6189
DELETE,3230
GET,388
GET,250
GET,184
GET,216
GET,211
GET,220
GET,190
GET,202
GET,218
GET,218
GET,449
GET,860
POST,2096
POST,3014
GET,1460
GET,222
GET,412
GET,2844
GET,351
DELETE,243
DELETE,247
GET,240
POST,2714
GET,284
GET,428
GET,383
POST,2001
GET,252
POST,7361
GET,513
GET,235
GET,229
POST,2251
GET,473
GET,218
GET,238
GET,270
GET,711
GET,310
GET,233
GET,394
GET,207
POST,1837
GET,466
GET,390
GET,200
GET,415
GET,742
GET,253
GET,978
GET,2248
GET,913
GET,245
GET,235
DELETE,243
GET,379
GET,355
GET,422
POST,3706
DELETE,407
GET,258
GET,428
GET,215
GET,392
GET,240
DELETE,242
GET,259
GET,218
GET,202
GET,234
GET,195
GET,158
GET,241
GET,240
POST,9357
GET,528
GET,432
GET,2016
GET,5118
GET,1860
GET,3300
DELETE,367
GET,256
GET,239
GET,239
GET,8261
DELETE,3683
GET,520
POST,2280
GET,274
GET,248
GET,462
POST,3248
POST,2409
GET,502
GET,342
GET,312
GET,261
GET,277
DELETE,249
GET,552
GET,1936
GET,5973
GET,487
GET,314
GET,272
GET,266
POST,3105
GET,277
GET,273
GET,249
GET,234
GET,277
POST,9333
GET,419
GET,5958
GET,275
GET,242
GET,309
GET,741
DELETE,480
GET,262
GET,254
GET,246
GET,223
DELETE,796
DELETE,665
GET,3357
GET,1825
GET,326
DELETE,260
GET,241
GET,247
POST,4141
DELETE,276
DELETE,255
GET,259
GET,233
GET,229
GET,449
GET,258
GET,316
GET,256
GET,269
GET,237
DELETE,229
GET,256
GET,429
GET,262
GET,303
GET,257
GET,255
GET,536
GET,395
GET,241
GET,245
GET,246
POST,1912
POST,1618
DELETE,262
GET,437
GET,1194
GET,255
GET,253
POST,2450
GET,246
GET,246
GET,2352
GET,264
DELETE,2519
GET,315
GET,277
GET,251
GET,401
GET,274
GET,667
GET,272
GET,247
GET,260
DELETE,199
GET,431
GET,260
GET,259
GET,418
GET,228
GET,223
GET,496
DELETE,1212
GET,472
GET,228
GET,258
POST,2524
DELETE,393
GET,350
GET,318
POST,1799
DELETE,302
GET,271
GET,264
GET,266
GET,256
GET,252
GET,440
GET,386
POST,2506
POST,3083
GET,302
GET,262
GET,268
GET,422
GET,235
GET,431
GET,221
GET,404
GET,2486
GET,560
GET,560
DELETE,289
GET,265
GET,2181
GET,460
GET,4617
GET,961
POST,5067
POST,7446
GET,400
DELETE,436
GET,229
GET,441
GET,235
GET,275
GET,257
GET,431
GET,226
GET,257
GET,267
GET,312
GET,231
GET,611
GET,269
GET,198
GET,447
POST,7172
GET,2902
GET,2171
DELETE,489
POST,7094
DELETE,639
GET,378
GET,251
GET,429
GET,229
GET,248
GET,233
GET,227
GET,408
GET,223
DELETE,431
GET,237
GET,261
DELETE,253
POST,2942
GET,1541
GET,1532
GET,1866
POST,8482
DELETE,402
GET,5279
POST,2947
GET,280
GET,266
GET,443
GET,170
GET,120
GET,239
GET,6391
GET,3399
GET,337
DELETE,372
GET,375
GET,210
DELETE,247
DELETE,244
DELETE,235
GET,241
GET,243
DELETE,236
DELETE,278
GET,244
GET,241
GET,215
POST,13482
GET,386
GET,289
GET,260
GET,239
GET,3296
DELETE,5087
GET,360
DELETE,231
GET,240
GET,198
GET,232
GET,228
GET,1231
GET,275
POST,2673
GET,461
GET,384
GET,219
GET,255
GET,488
GET,284
GET,260
GET,222
POST,5136
DELETE,273
GET,248
GET,248
GET,247
GET,247
GET,251
POST,3486
GET,299
POST,1919
GET,273
GET,304
GET,244
DELETE,501
GET,401
GET,217
GET,250
GET,254
GET,224
GET,215
GET,241
GET,255
GET,210
GET,236
DELETE,240
DELETE,471
GET,218
GET,252
DELETE,240
GET,441
GET,261
GET,256
GET,4287
GET,838
GET,257
DELETE,246
GET,225
GET,262
GET,260
DELETE,239
DELETE,257
POST,2907
GET,330
GET,266
GET,206
GET,249
GET,251
POST,7444
GET,320
GET,502
GET,212
GET,246
GET,238
GET,3304
POST,8305
GET,348
POST,2420
GET,285
GET,229
GET,143
GET,257
POST,1686
GET,272
GET,240
POST,7832
GET,301
DELETE,253
GET,2364
GET,3988
GET,265
GET,591
GET,1152
DELETE,310
GET,246
GET,243
GET,249
GET,416
GET,221
DELETE,249
GET,297
GET,295
DELETE,238
GET,243
POST,12027
POST,3368
POST,2374
GET,875
GET,331
DELETE,256
GET,626
DELETE,282
GET,249
POST,3137
GET,341
POST,2642
GET,269
GET,259
GET,546
GET,214
GET,576
POST,3624
GET,317
GET,394
GET,284
GET,253
GET,256
GET,233
GET,457
DELETE,2251
GET,1758
DELETE,306
GET,349
GET,4292
GET,264
GET,234
GET,357
GET,285
DELETE,246
GET,221
GET,310
GET,867
DELETE,291
GET,275
GET,261
GET,1549
GET,275
GET,551
GET,303
GET,295
POST,3206
GET,337
GET,254
GET,249
GET,260
GET,282
GET,465
GET,208
GET,489
GET,258
GET,231
GET,235
DELETE,234
GET,197
POST,10781
POST,6677
POST,5932
GET,375
GET,240
GET,437
GET,189
GET,220
GET,224
POST,5678
POST,3368
GET,1992
POST,3155
GET,338
GET,249
GET,221
GET,162
GET,125
GET,318
GET,257
DELETE,252
GET,244
GET,252
GET,248
POST,1416
GET,263
GET,299
GET,235
GET,264
GET,246
GET,429
GET,218
GET,235
GET,1253
GET,304
DELETE,468
GET,225
GET,204
GET,395
GET,226
GET,236
GET,236
POST,3300
GET,434
GET,242
GET,239
GET,239
GET,241
GET,235
GET,234
GET,237
GET,241
DELETE,206
DELETE,429
GET,206
DELETE,261
GET,237
GET,225
POST,3091
DELETE,267
GET,252
GET,407
GET,242
POST,3499
GET,279
GET,377
GET,240
GET,390
GET,339
GET,311
GET,247
GET,272
GET,262
GET,572
DELETE,595
GET,1755
POST,1878
GET,449
GET,201
DELETE,435
GET,2226
GET,2878
GET,299
POST,2976
GET,2798
GET,429
GET,251
GET,262
GET,243
GET,220
GET,404
GET,437
GET,220
GET,240
GET,242
GET,1148
GET,5099
DELETE,997
GET,4977
GET,1015
GET,324
GET,248
GET,243
GET,1439
GET,831
POST,3888
GET,308
GET,252
DELETE,252
GET,3239
GET,339
GET,444
GET,208
DELETE,215
GET,256
GET,231
GET,399
GET,884
GET,228
POST,5973
GET,290
GET,760
GET,407
GET,279
GET,265
DELETE,2285
GET,1764
DELETE,311
GET,295
GET,469
GET,1109
DELETE,367
GET,271
POST,2159
DELETE,268
GET,245
GET,425
POST,5203
GET,332
GET,330
GET,272
GET,1106
DELETE,289
GET,285
GET,1692
DELETE,656
POST,15997
DELETE,1060
GET,1852
POST,5431
GET,326
GET,289
GET,262
GET,794
DELETE,230
GET,546
GET,493
DELETE,517
POST,6066
POST,4205
POST,5510
GET,4571
GET,1101
GET,913
POST,5577
GET,335
GET,222
GET,221
GET,229
GET,229
DELETE,224
GET,217
DELETE,295
GET,588
GET,481
GET,204
POST,1989
GET,286
GET,236
GET,236
GET,430
GET,209
GET,220
DELETE,449
POST,11272
POST,11843
GET,6058
GET,2285
GET,2027
GET,256
GET,480
GET,5936
GET,6028
GET,4745
GET,285
GET,247
GET,250
POST,2406
GET,2221
GET,385
POST,2158
GET,385
GET,282
DELETE,275
GET,271
POST,3418
GET,311
DELETE,258
GET,292
GET,283
GET,235
GET,260
GET,299
GET,973
GET,468
GET,266
GET,2283
GET,5030
GET,1025
POST,2748
GET,332
POST,3077
GET,461
GET,272
GET,341
GET,253
GET,258
GET,808
GET,1008
GET,995
DELETE,1003
GET,1285
GET,225
GET,244
POST,2194
POST,13837
GET,387
GET,244
GET,248
GET,1687
GET,324
GET,255
GET,264
GET,397
GET,269
DELETE,550
DELETE,728
GET,1727
GET,627
GET,246
GET,248
GET,233
DELETE,414
GET,376
GET,557
GET,246
GET,799
GET,459
DELETE,268
GET,745
POST,4557
GET,277
GET,306
DELETE,226
GET,745
GET,284
GET,241
GET,417
GET,221
GET,240
GET,481
POST,2440
GET,288
POST,2826
GET,2340
GET,3830
GET,466
DELETE,349
GET,312
DELETE,271
GET,228
GET,224
GET,266
GET,246
GET,2019
GET,2946
GET,2091
GET,255
DELETE,171
POST,3822
GET,314
GET,247
GET,265
GET,223
GET,3779
GET,279
GET,252
GET,4470
GET,5153
DELETE,856
GET,1012
GET,988
DELETE,1017
GET,3403
GET,263
GET,255
GET,238
GET,227
GET,241
GET,250
POST,10144
DELETE,2314
GET,284
GET,539
POST,2105
GET,276
DELETE,253
GET,302
DELETE,1165
DELETE,210
GET,213
GET,297
GET,206
GET,258
DELETE,1431
GET,286
GET,241
GET,249
GET,265
GET,205
GET,214
GET,235
GET,232
DELETE,220
POST,4428
DELETE,340
DELETE,256
GET,260
GET,251
GET,245
GET,233
DELETE,248
GET,252
DELETE,2280
GET,823
POST,6921
DELETE,338
GET,1112
GET,510
GET,252
GET,424
GET,237
GET,247
GET,448
GET,847
POST,2105
GET,269
GET,427
POST,2301
DELETE,1351
DELETE,261
DELETE,258
GET,395
GET,212
POST,2650
GET,442
GET,223
GET,240
GET,285
DELETE,238
GET,421
POST,2013
GET,398
GET,270
GET,265
GET,237
GET,244
GET,243
POST,2376
GET,403
DELETE,246
GET,239
GET,523
GET,234
GET,242
GET,2688
GET,406
GET,235
GET,473
GET,258
POST,2836
GET,516
GET,275
GET,486
POST,8054
DELETE,5126
DELETE,360
GET,404
GET,262
GET,210
GET,245
GET,245
GET,247
GET,218
POST,2520
GET,275
DELETE,257
GET,253
DELETE,255
GET,506
GET,3869
GET,461
GET,243
GET,2144
GET,1312
GET,260
GET,248
GET,247
GET,444
GET,246
GET,224
GET,134
GET,341
GET,4818
GET,891
DELETE,984
DELETE,4011
POST,11820
GET,1290
GET,915
GET,5081
DELETE,1872
GET,5101
GET,1906
GET,5116
GET,1907
GET,3053
GET,274
GET,251
GET,600
GET,268
DELETE,248
GET,579
GET,214
POST,5379
GET,292
GET,3973
GET,963
GET,1032
GET,1931
GET,5996
GET,343
GET,4788
DELETE,1875
GET,2060
GET,271
GET,704
GET,2098
POST,6354
GET,664
GET,972
POST,11304
GET,788
GET,933
GET,1834
DELETE,290
GET,3833
GET,2277
GET,2114
DELETE,726
GET,4961
GET,988
DELETE,2943
GET,1104
GET,997
GET,2139
GET,697
GET,508
GET,262
GET,264
GET,257
GET,231
GET,250
GET,252
POST,12231
POST,11020
GET,363
POST,5489
GET,474
GET,396
DELETE,262
GET,1076
GET,580
GET,232
POST,2894
GET,282
GET,253
GET,251
GET,304
GET,530
GET,225
GET,251
GET,243
GET,295
GET,438
GET,2241
GET,967
GET,3084
GET,266
GET,249
POST,2351
GET,436
GET,226
GET,415
GET,218
GET,215
DELETE,246
GET,264
GET,253
GET,412
DELETE,225
DELETE,218
GET,103
GET,241
POST,1261
DELETE,1152
POST,5759
GET,2756
GET,238
DELETE,393
GET,236
GET,4237
POST,8152
GET,1293
GET,1931
GET,5007
GET,2015
GET,1994
GET,4994
POST,4548
POST,10992
GET,1664
GET,1103
POST,4980
GET,300
GET,319
GET,5206
GET,6948
GET,2368
GET,477
GET,285
GET,219
GET,250
GET,255
GET,287
GET,240
GET,220
GET,251
POST,2597
GET,279
GET,268
GET,426
GET,1492
GET,1209
GET,2107
GET,291
GET,4637
GET,2577
GET,260
GET,253
GET,445
GET,221
GET,576
GET,226
GET,248
GET,425
GET,219
GET,249
GET,252
GET,243
GET,239
GET,246
GET,432
GET,213
GET,244
GET,243
GET,260
GET,250
DELETE,253
GET,243
GET,256
DELETE,251
DELETE,473
GET,382
GET,377
DELETE,216
POST,2030
GET,263
GET,429
GET,395
GET,286
GET,258
GET,221
DELETE,258
GET,410
GET,229
GET,243
DELETE,242
GET,241
GET,242
POST,2010
GET,1340
GET,252
GET,237
GET,245
GET,235
GET,249
GET,253
GET,219
GET,242
GET,244
GET,245
GET,182
GET,104
POST,1925
GET,378
GET,244
DELETE,292
DELETE,264
GET,214
DELETE,411
GET,224
GET,236
GET,407
POST,8344
GET,324
GET,237
GET,233
GET,311
GET,235
POST,1560
DELETE,250
GET,222
GET,227
GET,214
GET,287
GET,227
GET,183
GET,223
GET,220
GET,244
DELETE,225
GET,219
GET,212
GET,240
GET,229
GET,187
GET,225
GET,227
POST,2417
GET,282
GET,243
GET,255
GET,256
GET,194
POST,7440
GET,548
POST,2411
POST,18170
GET,5136
GET,928
GET,1005
GET,5033
POST,15940
GET,5064
GET,995
POST,3225
GET,588
GET,417
GET,843
GET,2498
GET,772
GET,340
GET,341
GET,273
GET,200
POST,1534
DELETE,328
POST,2545
POST,1972
GET,301
POST,3054
GET,300
GET,650
GET,376
GET,222
GET,281
GET,2082
GET,5155
GET,671
DELETE,295
POST,3567
DELETE,555
GET,237
GET,259
POST,2495
DELETE,286
GET,491
POST,1207
GET,2849
POST,13153
GET,1938
GET,11049
GET,5990
GET,5112
GET,927
GET,1008
GET,998
GET,2228
GET,535
DELETE,2362
GET,920
GET,2392
GET,292
GET,1614
GET,986
GET,1939
GET,5159
GET,950
POST,14847
DELETE,6045
DELETE,2197
DELETE,400
GET,283
DELETE,467
DELETE,316
GET,254
GET,233
GET,260
POST,10705
GET,2167
GET,446
GET,193
GET,230
GET,205
GET,376
GET,391
GET,186
GET,212
GET,226
GET,223
POST,3091
GET,282
DELETE,267
GET,254
DELETE,283
GET,417
GET,2841
GET,971
DELETE,985
GET,961
GET,1031
GET,1031
GET,938
GET,1077
GET,925
GET,994
GET,1398
GET,312
POST,2490
GET,311
GET,255
DELETE,289
GET,268
GET,430
POST,1720
GET,250
DELETE,238
GET,194
GET,227
GET,224
GET,236
GET,249
GET,269
GET,233
GET,227
GET,383
GET,271
GET,266
GET,458
GET,238
GET,258
DELETE,253
GET,248
GET,415
GET,228
GET,263
POST,3392
GET,305
GET,340
GET,304
GET,504
GET,3405
GET,292
GET,241
DELETE,244
GET,210
DELETE,198
GET,244
GET,241
GET,232
GET,221
DELETE,235
GET,427
GET,205
GET,236
GET,263
GET,264
GET,274
GET,423
GET,414
GET,230
POST,3349
GET,315
GET,266
GET,3423
GET,502
GET,1255
GET,1962
DELETE,4962
GET,2011
GET,5006
GET,2004
DELETE,5005
DELETE,6947
POST,22145
GET,5095
GET,5918
GET,1818
GET,358
GET,910
POST,3047
GET,368
GET,249
GET,245
GET,245
GET,416
DELETE,257
DELETE,298
GET,254
GET,255
GET,254
GET,1146
GET,471
GET,260
POST,2463
POST,2431
DELETE,281
GET,289
GET,248
GET,251
GET,298
GET,470
GET,280
GET,275
GET,264
GET,245
POST,2304
GET,307
POST,1879
GET,534
GET,377
GET,424
GET,740
GET,1995
GET,5014
GET,6965
GET,6997
GET,5061
GET,2208
GET,880
GET,999
GET,1028
POST,1334
GET,265
DELETE,4520
GET,852
GET,1991
DELETE,4106
GET,278
GET,643
GET,396
GET,366
GET,4469
DELETE,790
POST,18950
DELETE,5085
DELETE,6932
GET,10153
GET,5065
GET,961
POST,11915
GET,5108
GET,970
GET,3873
DELETE,653
GET,3368
GET,5034
DELETE,6955
GET,7017
POST,14180
GET,5115
POST,11224
GET,370
DELETE,5254
GET,1966
GET,4987
DELETE,2020
GET,2011
DELETE,4981
POST,4856
GET,376
GET,472
GET,406
GET,223
GET,208
GET,358
GET,400
GET,259
GET,243
GET,419
POST,3075
GET,296
GET,290
GET,398
GET,217
GET,508
GET,239
GET,263
GET,263
GET,270
GET,270
DELETE,474
DELETE,236
POST,3116
GET,453
GET,239
GET,259
GET,437
GET,223
GET,3551
GET,414
GET,283
GET,240
GET,244
GET,251
GET,276
GET,250
DELETE,500
GET,2428
GET,546
GET,498
GET,398
GET,218
GET,260
GET,249
POST,3525
POST,3538
POST,2186
DELETE,623
GET,431
GET,421
DELETE,292
GET,325
POST,3118
GET,601
GET,314
GET,1861
GET,269
GET,338
GET,4085
GET,373
GET,319
DELETE,342
GET,326
GET,243
GET,290
GET,539
GET,273
GET,449
GET,216
GET,412
POST,6499
GET,578
GET,400
GET,256
GET,3462
GET,577
GET,235
GET,248
DELETE,285
GET,430
GET,219
POST,9896
GET,371
GET,272
DELETE,543
POST,1533
GET,4610
GET,425
GET,511
GET,5936
GET,4592
GET,876
GET,643
GET,990
GET,314
GET,330
GET,1318
GET,5995
GET,5064
DELETE,5920
GET,2403
GET,253
GET,466
GET,1027
GET,138
GET,3299
GET,747
GET,440
GET,421
POST,15080
GET,6120
GET,1218
GET,827
POST,12956
GET,5139
GET,918
GET,5091
GET,895
POST,8654
GET,374
DELETE,1301
POST,8219
GET,325
GET,274
DELETE,408
DELETE,419
GET,285
GET,1026
POST,4124
POST,1889
POST,2518
GET,4718
GET,631
GET,5134
DELETE,352
POST,2068
GET,287
GET,256
GET,246
GET,802
GET,391
GET,5414
GET,5125
GET,288
GET,253
GET,258
GET,256
GET,229
GET,246
POST,1886
GET,325
GET,330
POST,1441
GET,285
GET,231
GET,376
GET,240
GET,247
GET,2152
GET,1095
GET,418
GET,260
GET,275
GET,250
DELETE,240
DELETE,240
DELETE,250
GET,198
GET,244
DELETE,242
GET,254
GET,326
GET,555
POST,3259
DELETE,276
GET,248
GET,247
GET,251
GET,250
DELETE,251
GET,244
GET,427
GET,390
GET,246
DELETE,236
GET,237
GET,242
GET,243
GET,244
GET,235
GET,240
DELETE,244
GET,303
GET,1943
DELETE,5108
GET,5925
GET,357
DELETE,253
GET,246
GET,279
GET,222
GET,254
GET,245
GET,250
GET,508
GET,263
GET,132
GET,226
GET,231
GET,431
GET,311
GET,542
GET,231
GET,226
GET,540
GET,456
GET,724
DELETE,5117
DELETE,5910
GET,313
GET,240
GET,5460
GET,5131
GET,3956
GET,2289
DELETE,588
GET,378
GET,261
GET,228
GET,2423
GET,240
GET,228
DELETE,256
GET,192
GET,218
GET,217
GET,219
DELETE,219
GET,216
GET,423
GET,191
GET,219
DELETE,211
GET,413
GET,256
POST,12871
POST,15200
GET,6012
GET,1543
GET,595
GET,6116
GET,281
GET,256
GET,252
GET,5259
GET,334
GET,265
GET,300
GET,906
GET,1996
GET,5269
POST,16867
GET,5144
DELETE,853
GET,5441
DELETE,6083
GET,1852
DELETE,620
GET,1627
GET,253
GET,211
GET,237
POST,3630
POST,1765
POST,1583
GET,256
GET,238
GET,235
GET,223
GET,235
GET,236
GET,294
GET,235
POST,9187
GET,358
GET,461
GET,316
DELETE,279
DELETE,3187
GET,5159
GET,890
GET,5082
POST,12003
POST,17016
GET,5082
DELETE,858
GET,1021
GET,1041
GET,5101
GET,879
GET,995
GET,1007
GET,1946
GET,6051
POST,21050
GET,1900
DELETE,254
GET,809
GET,304
GET,223
POST,7023
GET,5968
GET,5972
GET,5127
GET,921
DELETE,987
GET,957
GET,1009
GET,1018
POST,16022
GET,6040
GET,5343
GET,5739
GET,1132
GET,4857
GET,900
GET,5109
GET,5875
POST,13977
GET,5173
GET,908
GET,2431
GET,483
GET,2133
GET,966
GET,1009
GET,996
GET,1134
GET,881
GET,1009
DELETE,1007
GET,986
GET,1238
GET,205
POST,1667
DELETE,264
POST,2625
POST,2262
GET,290
DELETE,242
GET,243
GET,247
GET,222
GET,245
GET,254
POST,11561
POST,19416
GET,1214
GET,975
GET,1968
GET,3038
GET,3492
GET,318
POST,7929
GET,1332
DELETE,977
GET,1000
POST,6295
GET,591
GET,5160
GET,997
GET,1003
GET,992
POST,4450
GET,307
POST,2796
GET,476
GET,238
DELETE,263
GET,252
GET,255
GET,247
GET,222
DELETE,246
GET,279
GET,259
GET,255
GET,247
POST,2548
GET,276
GET,249
DELETE,250
GET,239
GET,259
GET,315
GET,237
DELETE,476
GET,520
POST,8710
GET,469
POST,2346
POST,2288
GET,4278
DELETE,268
GET,243
DELETE,479
GET,1115
GET,217
GET,113
GET,308
GET,456
POST,7805
GET,481
GET,274
GET,233
GET,221
GET,603
GET,209
POST,6747
POST,3156
GET,2528
GET,2172
GET,659
GET,260
GET,260
GET,260
GET,286
POST,6393
GET,289
GET,426
POST,1954
DELETE,255
DELETE,242
GET,240
GET,230
GET,239
GET,405
GET,219
GET,2581
DELETE,259
DELETE,4739
GET,5004
GET,5018
GET,5995
GET,296
DELETE,256
DELETE,234
GET,245
DELETE,230
GET,197
GET,2577
GET,2266
GET,256
DELETE,245
GET,263
GET,417
GET,207
GET,249
GET,246
GET,242
GET,238
GET,263
POST,9132
GET,6033
GET,304
GET,308
GET,548
GET,231
GET,415
GET,249
GET,238
GET,423
GET,258
GET,302
GET,223
GET,251
POST,6262
GET,276
GET,216
GET,216
GET,218
GET,323
GET,224
GET,168
GET,303
POST,7998
GET,1393
GET,570
GET,286
POST,4971
GET,311
GET,244
DELETE,240
GET,231
DELETE,227
POST,7333
GET,342
GET,259
POST,3094
GET,593
GET,242
GET,1265
DELETE,484
GET,221
GET,433
GET,383
GET,236
GET,227
GET,207
GET,399
GET,791
GET,994
GET,6516
POST,5443
GET,455
GET,418
GET,294
POST,3005
GET,470
GET,217
GET,235
GET,536
GET,213
GET,193
GET,231
GET,233
GET,253
DELETE,235
GET,234
DELETE,235
GET,233
GET,193
GET,222
POST,13661
GET,5142
GET,457
GET,5438
GET,392
GET,239
POST,6919
GET,311
POST,3023
GET,313
GET,528
GET,232
GET,472
GET,210
GET,430
GET,181
GET,212
GET,281
GET,225
GET,1086
GET,267
DELETE,443
GET,281
GET,244
GET,300
GET,2038
GET,254
POST,1644
GET,422
DELETE,401
GET,208
GET,235
GET,251
GET,402
GET,216
GET,253
GET,253
GET,263
GET,253
GET,253
GET,245
GET,298
GET,245
GET,249
GET,260
GET,227
GET,308
POST,2060
GET,242
DELETE,224
GET,223
DELETE,220
GET,221
GET,241
GET,308
GET,2354
GET,2068
GET,289
POST,4495
GET,304
GET,253
GET,2445
GET,291
GET,263
DELETE,235
GET,1152
GET,282
GET,277
POST,12383
GET,310
GET,271
GET,226
GET,212
GET,413
GET,219
POST,3044
POST,229
POST,2010
GET,1467
GET,424
DELETE,239
DELETE,280
GET,484
GET,235
GET,418
GET,215
POST,2957
GET,271
POST,6448
GET,4087
GET,363
GET,262
POST,2268
DELETE,331
DELETE,1957
GET,2862
GET,332
GET,262
GET,252
GET,265
DELETE,3307
GET,320
GET,1289
GET,5072
GET,1008
POST,4191
GET,331
POST,2012
DELETE,269
GET,1079
GET,396
POST,1578
GET,333
GET,453
POST,2987
DELETE,5069
GET,329
GET,329
GET,1721
POST,2615
DELETE,311
GET,250
GET,241
GET,236
GET,452
GET,1664
GET,368
GET,226
DELETE,423
GET,242
GET,206
GET,235
GET,230
GET,191
GET,222
GET,191
GET,221
GET,222
GET,235
GET,222
POST,1775
GET,301
POST,2924
GET,292
GET,244
GET,423
GET,189
GET,240
GET,384
POST,3232
GET,297
GET,264
GET,246
DELETE,295
GET,241
DELETE,553
GET,240
GET,235
POST,3759
POST,2699
GET,305
GET,270
GET,244
GET,278
GET,425
GET,195
GET,418
GET,516
GET,221
GET,445
GET,222
GET,292
GET,281
GET,247
DELETE,227
DELETE,247
GET,291
GET,214
GET,380
GET,282
GET,2147
GET,317
DELETE,261
GET,456
DELETE,286
GET,282
DELETE,338
GET,268
GET,263
GET,484
GET,463
GET,6772
DELETE,441
GET,258
GET,312
GET,296
GET,217
GET,254
GET,253
GET,352
GET,252
GET,280
DELETE,296
GET,244
GET,252
POST,3467
GET,319
GET,602
GET,352
GET,321
DELETE,1738
GET,292
GET,267
GET,237
GET,250
GET,253
GET,609
GET,255
GET,246
POST,3603
GET,4486
GET,5146
DELETE,900
POST,12954
GET,357
GET,248
POST,3131
GET,289
DELETE,278
GET,257
GET,257
DELETE,284
GET,218
DELETE,229
GET,479
GET,259
POST,2554
GET,290
GET,260
GET,591
GET,222
GET,248
POST,2559
DELETE,288
GET,264
GET,2805
GET,383
GET,427
GET,225
GET,487
POST,5975
GET,330
GET,265
POST,13686
POST,6565
GET,358
GET,243
GET,431
DELETE,249
GET,3132
GET,975
GET,974
POST,1608
GET,262
GET,234
GET,223
GET,412
GET,284
GET,207
GET,415
POST,2908
GET,505
GET,214
GET,228
POST,1668
GET,276
GET,219
GET,399
GET,320
GET,3384
GET,532
POST,6065
GET,1967
POST,6430
DELETE,1828
GET,437
GET,250
GET,539
GET,247
GET,237
GET,533
POST,10269
POST,3431
POST,1405
GET,1995
GET,256
GET,418
GET,236
GET,219
GET,2527
GET,277
GET,1137
DELETE,513
DELETE,3166
GET,1924
GET,4103
GET,491
GET,279
GET,272
GET,204
GET,242
GET,299
GET,247
GET,251
GET,238
GET,220
GET,299
GET,2966
GET,290
GET,251
GET,244
GET,3357
DELETE,276
POST,2229
GET,273
GET,416
GET,251
POST,8395
GET,5007
GET,2232
GET,541
DELETE,285
GET,246
DELETE,2049
GET,751
GET,988
GET,3122
GET,7875
GET,5075
GET,960
GET,1989
POST,3734
GET,520
GET,277
GET,257
GET,298
GET,244
GET,218
GET,552
GET,224
GET,209
DELETE,255
GET,623
GET,266
GET,347
DELETE,4097
GET,357
GET,575
GET,5075
GET,977
GET,3999
GET,1002
GET,5008
GET,1001
GET,342
GET,559
GET,224
GET,391
GET,359
POST,2715
GET,282
GET,1727
GET,303
GET,258
GET,255
GET,255
GET,314
GET,563
GET,407
GET,193
GET,1356
GET,295
POST,8176
POST,10316
GET,5116
POST,6834
DELETE,408
GET,628
GET,445
POST,4703
GET,275
GET,240
GET,432
GET,222
GET,250
POST,2298
GET,326
DELETE,239
POST,11182
GET,404
GET,680
DELETE,299
GET,272
GET,248
POST,1680
GET,254
GET,217
GET,223
GET,213
GET,884
DELETE,1995
GET,1221
GET,5186
POST,4126
GET,596
GET,280
DELETE,256
GET,245
GET,259
GET,239
GET,485
GET,285
GET,443
GET,403
GET,484
GET,857
GET,245
DELETE,249
GET,260
GET,3167
GET,279
DELETE,464
GET,869
POST,4139
GET,316
GET,262
GET,2782
DELETE,5053
GET,347
GET,635
DELETE,255
GET,457
DELETE,201
DELETE,784
GET,258
GET,235
GET,227
GET,234
GET,237
GET,556
GET,245
GET,383
DELETE,218
GET,244
GET,262
GET,232
GET,589
DELETE,499
GET,233
POST,1576
DELETE,258
DELETE,438
GET,199
GET,354
GET,207
POST,1332
GET,252
GET,1219
GET,244
GET,230
GET,236
GET,224
GET,546
GET,264
DELETE,246
POST,2728
DELETE,330
GET,281
GET,249
GET,256
GET,209
GET,134
DELETE,5264
GET,490
GET,231
GET,424
GET,3413
GET,366
GET,2330
GET,5072
DELETE,4957
GET,2121
GET,482
GET,258
GET,252
GET,247
GET,242
GET,249
GET,234
GET,406
GET,416
GET,230
DELETE,1249
DELETE,265
POST,7139
GET,282
GET,264
GET,1641
POST,2492
GET,249
GET,357
GET,169
GET,219
GET,231
POST,5801
GET,311
POST,2834
GET,285
GET,250
GET,436
GET,399
GET,245
GET,5063
GET,316
GET,258
GET,253
GET,238
POST,2803
GET,288
GET,250
GET,254
POST,3608
GET,420
GET,456
GET,444
GET,280
GET,222
GET,247
GET,241
DELETE,303
GET,272
DELETE,218
GET,244
DELETE,269
GET,261
GET,262
GET,444
GET,308
GET,256
GET,247
GET,257
GET,274
DELETE,255
GET,3621
GET,6139
GET,406
GET,273
GET,295
POST,3374
GET,316
GET,254
GET,250
DELETE,296
GET,287
GET,237
GET,571
GET,1797
GET,452
GET,307
DELETE,276
GET,324
GET,241
DELETE,2848
DELETE,348
DELETE,310
GET,4379
GET,3362
GET,257
GET,405
GET,423
GET,307
GET,249
GET,335
GET,4961
GET,846
GET,355
GET,262
GET,256
GET,5299
GET,301
GET,253
GET,251
GET,598
GET,257
GET,263
GET,409
GET,236
GET,247
GET,304
POST,5601
GET,287
GET,260
GET,243
GET,242
GET,250
GET,1082
GET,905
GET,409
GET,308
GET,379
DELETE,280
GET,501
GET,291
GET,232
GET,297
GET,264
GET,247
GET,229
GET,358
DELETE,2271
GET,365
GET,245
GET,259
GET,243
GET,232
GET,248
GET,244
GET,4262
GET,904
GET,5091
DELETE,957
GET,984
GET,997
GET,1011
GET,1013
GET,333
GET,262
GET,243
GET,245
GET,240
GET,230
GET,187
GET,255
GET,239
GET,246
GET,244
GET,256
GET,245
GET,244
GET,241
GET,265
GET,246
GET,480
GET,259
GET,440
GET,257
GET,257
GET,1351
GET,274
DELETE,262
GET,487
GET,243
GET,236
DELETE,249
GET,2388
GET,348
DELETE,349
GET,1197
GET,936
DELETE,1000
GET,1003
GET,1012
DELETE,1103
GET,292
GET,270
GET,307
GET,3123
GET,953
GET,1007
GET,3127
GET,433
GET,281
GET,225
GET,202
GET,268
GET,248
GET,248
GET,258
DELETE,260
GET,256
GET,251
GET,248
GET,255
GET,248
DELETE,249
GET,277
GET,1982
GET,939
GET,987
GET,1008
GET,1012
POST,16917
GET,2138
GET,343
GET,562
GET,2106
POST,5135
GET,510
GET,381
GET,4961
DELETE,397
GET,278
GET,248
DELETE,521
GET,289
GET,236
GET,247
GET,4763
GET,5122
GET,970
GET,1014
POST,11936
GET,5109
GET,980
GET,5003
GET,983
GET,4997
GET,1007
GET,5022
DELETE,576
GET,261
GET,242
GET,419
POST,3794
GET,333
GET,244
GET,250
GET,952
GET,3308
GET,295
GET,1407
GET,1946
GET,5056
GET,1021
GET,998
GET,1007
GET,996
GET,5004
DELETE,996
GET,1008
DELETE,1012
DELETE,1002
GET,1006
GET,2153
GET,263
POST,4395
GET,2240
GET,284
GET,251
GET,421
GET,227
DELETE,238
GET,246
GET,243
GET,265
GET,247
GET,444
GET,245
DELETE,236
GET,533
GET,215
GET,945
GET,1031
POST,3123
GET,2873
POST,14247
GET,3709
GET,1658
GET,280
GET,310
GET,433
GET,261
GET,230
GET,185
GET,108
GET,225
GET,394
GET,388
GET,203
POST,3132
POST,7621
GET,338
GET,369
GET,257
GET,306
POST,2323
GET,554
POST,9408
GET,348
GET,244
GET,458
GET,212
POST,1564
DELETE,1287
GET,427
GET,406
POST,4915
POST,4203
GET,322
GET,247
GET,2241
POST,9304
GET,371
GET,256
GET,248
GET,255
GET,227
GET,242
GET,250
GET,239
GET,244
GET,241
POST,3424
GET,368
GET,429
GET,415
GET,244
GET,710
GET,268
GET,245
GET,400
GET,253
GET,288
GET,259
GET,292
GET,438
GET,575
GET,314
GET,316
GET,424
DELETE,274
GET,348
GET,268
GET,687
GET,274
POST,7056
GET,356
GET,672
GET,439
GET,248
GET,786
POST,1765
GET,327
GET,234
GET,249
GET,517
GET,204
DELETE,454
GET,221
GET,378
GET,374
GET,206
GET,387
POST,1434
GET,231
GET,221
DELETE,228
POST,4709
GET,436
GET,212
GET,525
GET,407
GET,217
GET,247
POST,2980
GET,504
DELETE,286
GET,263
GET,314
GET,278
GET,2965
GET,357
GET,335
GET,1149
GET,1943
GET,100
POST,3733
GET,284
GET,252
GET,288
GET,259
GET,250
GET,453
GET,267
DELETE,252
GET,249
GET,249
GET,252
GET,231
GET,225
GET,519
GET,269
GET,227
GET,222
DELETE,454
GET,371
GET,1913
DELETE,390
POST,5520
GET,325
POST,1941
GET,289
GET,227
GET,233
GET,219
GET,219
DELETE,218
POST,2330
GET,273
GET,329
GET,272
POST,3113
GET,280
POST,13895
DELETE,2178
GET,494
GET,276
GET,289
POST,1467
GET,260
GET,233
GET,232
POST,2127
POST,2978
GET,285
GET,246
GET,11256
GET,1225
GET,622
GET,6140
GET,267
GET,251
GET,6366
GET,5119
DELETE,865
GET,420
GET,260
GET,546
GET,250
GET,248
GET,204
POST,2595
DELETE,311
GET,295
GET,502
DELETE,283
GET,202
GET,194
DELETE,229
GET,226
GET,281
GET,230
DELETE,634
GET,4218
GET,6802
GET,3014
GET,276
DELETE,257
GET,250
GET,318
DELETE,269
GET,337
GET,471
GET,1115
GET,402
GET,282
GET,251
DELETE,229
GET,251
GET,240
GET,240
GET,244
GET,234
GET,245
GET,271
GET,217
GET,350
GET,277
GET,1230
GET,563
DELETE,279
GET,313
GET,231
POST,13603
GET,5168
GET,843
GET,6072
DELETE,1538
GET,291
GET,259
POST,6852
GET,1935
GET,240
GET,233
GET,244
GET,536
GET,267
POST,1936
GET,242
GET,237
GET,223
GET,191
GET,496
GET,204
GET,216
GET,459
GET,229
GET,262
GET,258
GET,300
GET,436
GET,225
GET,244
GET,483
GET,261
GET,273
DELETE,535
GET,3924
GET,242
DELETE,252
GET,250
GET,346
GET,281
GET,323
GET,243
GET,305
GET,274
DELETE,286
GET,280
GET,339
GET,712
GET,282
GET,379
GET,332
GET,258
POST,3009
GET,4503
GET,409
GET,763
GET,535
GET,300
GET,304
GET,266
GET,266
GET,257
GET,748
GET,540
GET,287
GET,240
GET,320
GET,271
GET,312
GET,854
GET,238
GET,165
GET,193
POST,2153
GET,242
DELETE,238
GET,241
GET,432
GET,218
GET,255
DELETE,268
GET,256
POST,12909
GET,5994
GET,5156
GET,5891
GET,387
GET,235
POST,2106
DELETE,312
GET,230
POST,18707
GET,451
GET,1654
GET,1581
DELETE,310
GET,291
DELETE,422
GET,463
GET,258
GET,249
GET,400
GET,268
DELETE,557
POST,2521
GET,486
GET,4384
GET,5116
DELETE,384
GET,274
GET,5254
GET,5035
GET,1018
POST,6945
GET,2141
GET,2882
GET,5070
GET,379
GET,252
GET,242
GET,245
GET,373
GET,477
GET,504
GET,231
POST,3410
GET,269
POST,9603
GET,402
DELETE,269
GET,262
GET,255
GET,280
DELETE,324
GET,314
GET,261
GET,294
GET,2409
GET,3264
GET,260
GET,258
GET,362
GET,297
DELETE,246
GET,246
GET,235
GET,235
DELETE,524
GET,1995
POST,3495
GET,241
GET,4513
POST,13966
GET,333
GET,610
GET,433
GET,365
DELETE,232
GET,242
DELETE,247
DELETE,238
DELETE,259
GET,239
POST,1749
GET,243
GET,232
GET,226
GET,239
GET,559
GET,256
GET,261
GET,241
GET,198
POST,4660
DELETE,291
GET,273
GET,258
POST,3156
GET,305
GET,335
GET,279
GET,253
GET,259
GET,257
GET,266
GET,218
GET,338
POST,1651
DELETE,902
GET,247
GET,234
GET,221
GET,231
GET,234
GET,264
GET,254
DELETE,389
GET,264
GET,317
GET,246
GET,237
GET,2362
GET,378
GET,439
DELETE,753
GET,5216
GET,696
GET,264
GET,287
GET,520
GET,207
GET,250
GET,229
GET,225
GET,284
GET,236
DELETE,236
POST,9558
GET,499
GET,269
GET,7183
POST,15459
DELETE,402
GET,263
DELETE,240
GET,247
GET,325
DELETE,244
GET,244
POST,5498
GET,325
GET,275
GET,2586
DELETE,269
GET,237
GET,246
GET,251
GET,200
GET,222
GET,240
GET,199
GET,239
GET,230
GET,234
DELETE,231
GET,3213
GET,5999
POST,5206
GET,317
GET,281
GET,385
GET,252
DELETE,266
POST,8332
GET,1204
GET,4063
POST,6615
GET,424
GET,282
GET,547
GET,525
GET,654
DELETE,524
DELETE,523
POST,2417
GET,458
GET,522
GET,416
GET,354
GET,214
GET,280
GET,455
GET,264
GET,248
GET,596
GET,805
GET,939
GET,994
GET,998
GET,1009
GET,3140
GET,268
GET,304
GET,275
GET,227
GET,250
DELETE,253
DELETE,259
GET,509
GET,615
GET,428
GET,586
GET,672
GET,284
DELETE,488
DELETE,247
GET,7126
GET,337
GET,268
POST,2321
GET,322
GET,314
GET,283
GET,276
GET,259
GET,250
GET,302
GET,266
GET,257
GET,308
GET,267
DELETE,247
GET,251
GET,252
DELETE,587
GET,231
POST,1473
GET,249
DELETE,222
GET,379
GET,198
GET,212
GET,216
GET,212
GET,1374
GET,259
GET,264
GET,260
GET,5261
GET,996
POST,15909
GET,5103
DELETE,990
POST,14719
GET,294
POST,2950
GET,3101
GET,966
GET,5002
DELETE,1016
GET,992
GET,1002
GET,3112
GET,959
GET,4571
GET,282
GET,289
GET,300
GET,229
GET,267
GET,228
GET,606
GET,284
GET,264
GET,255
DELETE,259
GET,3199
GET,5928
GET,325
GET,664
GET,2946
GET,631
GET,270
POST,5409
GET,328
GET,224
GET,240
GET,199
GET,212
GET,666
GET,993
GET,1980
GET,307
GET,358
DELETE,275
GET,319
GET,256
GET,256
GET,260
GET,454
POST,1771
GET,234
GET,207
GET,320
GET,5049
GET,1020
GET,995
GET,1000
POST,3729
DELETE,304
GET,1034
GET,280
GET,322
GET,514
GET,1957
GET,458
GET,221
GET,263
GET,250
GET,253
GET,1428
GET,289
DELETE,258
GET,259
GET,276
DELETE,1399
GET,282
GET,255
DELETE,260
GET,481
POST,3401
GET,682
GET,576
GET,263
GET,295
GET,241
GET,256
GET,1693
GET,515
GET,4535
GET,439
GET,4562
GET,2049
GET,343
GET,286
GET,258
GET,235
GET,219
DELETE,216
GET,240
GET,277
GET,289
GET,256
GET,250
GET,229
GET,288
GET,241
GET,248
GET,1172
DELETE,296
GET,263
GET,263
DELETE,267
DELETE,267
GET,279
GET,252
GET,346
GET,255
GET,642
GET,3991
GET,797
POST,32755
GET,417
GET,285
GET,877
GET,931
GET,1001
GET,1009
POST,3571
GET,361
GET,240
GET,232
GET,2986
GET,338
GET,382
GET,230
DELETE,234
DELETE,240
GET,250
GET,470
DELETE,420
GET,2078
GET,300
GET,254
GET,253
GET,285
GET,220
GET,254
GET,256
GET,253
GET,303
GET,258
GET,260
GET,255
GET,1451
GET,619
GET,230
GET,425
GET,324
GET,479
GET,338
GET,256
GET,235
DELETE,261
GET,260
DELETE,293
GET,239
GET,232
GET,872
GET,5231
GET,3013
GET,256
GET,225
DELETE,228
DELETE,234
GET,414
GET,301
POST,13464
POST,3034
GET,284
GET,244
GET,274
POST,1652
POST,3013
DELETE,311
GET,269
GET,242
GET,259
GET,286
GET,308
GET,441
GET,263
GET,2212
GET,415
GET,259
POST,3424
GET,1819
DELETE,5033
POST,9380
GET,334
DELETE,264
GET,485
GET,269
GET,269
GET,211
GET,225
GET,246
GET,255
GET,208
POST,6162
GET,840
GET,1880
DELETE,1355
POST,4215
GET,381
POST,2618
DELETE,556
GET,242
GET,250
GET,249
GET,248
DELETE,246
GET,400
GET,240
GET,241
GET,239
DELETE,233
GET,233
DELETE,212
GET,226
DELETE,245
GET,237
DELETE,244
POST,1767
GET,343
GET,284
GET,446
GET,352
GET,180
POST,1561
GET,279
GET,230
GET,222
GET,221
GET,228
GET,219
GET,422
GET,405
GET,258
GET,404
DELETE,241
POST,2716
GET,650
GET,278
DELETE,559
GET,271
GET,255
GET,261
GET,253
GET,514
GET,257
GET,294
GET,254
GET,303
GET,1322
GET,367
GET,322
GET,524
GET,163
GET,109
GET,224
GET,239
GET,256
GET,526
GET,204
GET,228
GET,227
GET,262
GET,203
GET,224
POST,11554
GET,3219
GET,248
GET,250
GET,267
GET,324
GET,226
GET,253
GET,1521
POST,9338
GET,328
GET,262
GET,211
GET,227
GET,407
GET,498
GET,220
GET,540
GET,1005
DELETE,1907
GET,263
GET,220
GET,222
DELETE,226
GET,191
GET,338
POST,13598
GET,372
GET,2839
GET,467
GET,263
GET,249
GET,240
GET,617
DELETE,507
GET,557
GET,285
GET,252
GET,2642
GET,477
DELETE,278
GET,261
DELETE,344
GET,281
GET,243
GET,509
GET,242
GET,437
GET,228
GET,1624
GET,1970
GET,265
GET,257
GET,7492
GET,5114
GET,912
DELETE,984
DELETE,998
GET,1383
GET,385
GET,320
GET,960
GET,294
GET,259
GET,243
GET,279
GET,268
GET,493
GET,255
GET,354
GET,249
GET,234
GET,237
POST,11888
GET,553
GET,530
GET,349
GET,313
GET,352
DELETE,919
GET,4989
POST,8042
GET,448
GET,279
GET,335
GET,499
POST,3415
GET,282
GET,246
GET,217
GET,161
POST,2883
GET,2073
DELETE,321
GET,257
GET,245
POST,1410
GET,263
GET,540
POST,3439
GET,290
GET,265
GET,366
GET,3800
GET,1704
GET,240
GET,246
GET,444
GET,337
GET,928
DELETE,1079
GET,1318
GET,3710
GET,4723
GET,294
DELETE,265
GET,258
GET,617
GET,245
GET,262
GET,262
GET,257
GET,254
GET,251
GET,290
DELETE,271
DELETE,263
GET,255
GET,275
GET,256
GET,257
GET,253
GET,279
GET,302
GET,260
GET,257
GET,456
GET,553
GET,244
GET,230
GET,252
POST,8588
GET,5111
GET,996
GET,507
GET,277
GET,244
GET,214
GET,567
POST,9119
DELETE,5062
GET,956
GET,901
GET,1018
GET,4162
GET,964
POST,1752
POST,9101
GET,370
GET,283
GET,252
GET,254
GET,210
GET,196
GET,399
GET,239
GET,3008
GET,419
GET,4594
GET,5085
GET,966
GET,3074
GET,2190
GET,306
POST,3285
DELETE,295
GET,376
GET,269
GET,270
GET,251
GET,281
GET,435
GET,2168
GET,262
GET,9693
GET,5105
GET,884
GET,1716
DELETE,584
GET,592
GET,271
GET,1680
GET,1237
GET,380
GET,336
POST,6382
GET,3683
GET,5134
GET,3397
GET,663
GET,290
GET,497
GET,216
GET,422
GET,421
GET,178
GET,174
GET,240
DELETE,243
GET,239
GET,226
GET,236
GET,400
GET,218
GET,227
GET,469
GET,1809
DELETE,400
GET,434
DELETE,4653
GET,999
GET,274
GET,600
DELETE,245
GET,205
GET,222
GET,224
DELETE,259
GET,201
GET,230
GET,237
GET,229
POST,3201
GET,372
GET,281
GET,280
GET,256
GET,228
POST,2265
GET,288
DELETE,493
GET,230
GET,283
GET,255
GET,393
DELETE,312
POST,1953
GET,324
POST,16843
GET,3674
GET,693
POST,1809
GET,4786
GET,402
POST,7902
GET,387
GET,514
GET,277
GET,258
GET,377
GET,282
GET,251
GET,258
DELETE,4166
GET,1109
GET,1234
GET,271
GET,265
GET,251
GET,267
DELETE,255
DELETE,267
DELETE,266
DELETE,375
GET,261
GET,253
GET,259
GET,264
GET,259
GET,1348
GET,5132
GET,905
GET,991
GET,1210
GET,259
GET,815
GET,269
GET,265
GET,262
GET,254
GET,248
GET,215
GET,122
GET,257
GET,256
GET,256
GET,237
GET,630
GET,622
GET,1451
GET,1040
GET,668
POST,11493
GET,475
POST,9542
GET,5189
POST,2950
GET,552
GET,494
GET,270
GET,425
GET,3144
GET,955
GET,744
GET,1108
GET,845
GET,347
POST,3229
GET,350
GET,287
POST,2330
GET,274
DELETE,250
DELETE,264
GET,198
GET,201
GET,419
GET,183
GET,216
POST,6768
GET,392
GET,282
GET,256
GET,247
GET,303
GET,243
POST,1488
GET,321
POST,2531
GET,481
POST,2081
GET,348
GET,551
POST,1421
GET,304
GET,881
GET,1964
GET,5034
GET,1046
DELETE,429
GET,283
GET,245
GET,306
GET,676
GET,312
GET,268
POST,4797
DELETE,3782
GET,1231
GET,4181
GET,273
GET,2399
POST,16147
GET,854
GET,1201
GET,482
GET,247
GET,223
GET,2563
GET,2159
GET,822
GET,293
GET,265
GET,527
GET,236
GET,243
POST,2431
GET,456
POST,2982
DELETE,476
GET,298
GET,267
GET,246
GET,408
DELETE,223
GET,256
GET,242
GET,248
GET,297
GET,440
GET,209
GET,259
GET,183
GET,126
GET,196
DELETE,227
GET,233
GET,228
GET,192
GET,192
GET,596
POST,7089
GET,1230
GET,856
POST,1557
GET,234
POST,1325
GET,5004
GET,911
GET,1961
GET,6031
GET,5082
POST,16913
GET,5158
GET,904
GET,2961
GET,284
GET,257
GET,253
POST,1685
GET,267
GET,250
POST,3914
POST,4857
GET,357
GET,279
POST,8693
GET,5178
GET,907
GET,5144
GET,5249
GET,793
GET,833
GET,1025
DELETE,4952
POST,3261
GET,319
DELETE,290
GET,298
GET,329
GET,264
POST,1900
GET,270
GET,427
GET,352
GET,281
GET,324
DELETE,401
DELETE,272
POST,2446
POST,2244
GET,282
GET,415
GET,346
GET,3936
DELETE,2418
DELETE,1890
POST,5545
GET,321
GET,261
GET,217
GET,208
GET,390
GET,257
GET,226
GET,239
GET,364
GET,254
GET,237
GET,396
DELETE,232
GET,249
DELETE,240
GET,246
GET,260
POST,4605
GET,261
GET,222
GET,442
GET,267
GET,382
GET,209
GET,609
GET,219
GET,481
GET,313
GET,217
GET,219
GET,212
GET,216
GET,249
GET,187
GET,219
GET,177
DELETE,105
GET,262
GET,248
DELETE,258
GET,257
GET,256
GET,248
POST,13301
DELETE,306
GET,567
GET,285
GET,248
GET,240
GET,248
GET,253
GET,250
GET,247
POST,3069
DELETE,1869
DELETE,270
GET,280
GET,1033
GET,431
GET,243
GET,237
GET,265
POST,4290
GET,293
GET,227
GET,417
GET,234
GET,238
GET,266
GET,237
GET,240
GET,235
GET,229
DELETE,438
POST,2953
GET,282
GET,489
GET,422
GET,4602
GET,4246
GET,261
GET,266
GET,362
DELETE,277
GET,256
GET,431
POST,1844
POST,1361
GET,258
GET,204
DELETE,255
POST,3732
GET,308
GET,262
GET,458
GET,449
GET,250
GET,296
GET,4361
GET,264
GET,250
GET,427
DELETE,358
GET,250
GET,247
GET,242
GET,257
POST,2301
GET,281
DELETE,230
POST,2439
POST,3344
GET,303
GET,270
DELETE,3319
GET,460
DELETE,253
POST,2174
GET,369
GET,315
POST,2244
GET,409
GET,303
GET,259
GET,238
POST,2300
GET,308
POST,1728
POST,7992
GET,400
GET,257
GET,266
GET,702
GET,453
GET,356
POST,2360
POST,421
GET,314
GET,400
GET,309
DELETE,276
GET,310
GET,467
POST,6011
GET,5140
GET,356
GET,491
GET,316
GET,262
GET,253
POST,1353
GET,252
GET,235
DELETE,236
GET,225
GET,216
GET,216
GET,233
GET,224
GET,189
GET,217
GET,587
GET,520
GET,259
GET,257
GET,361
GET,394
GET,243
GET,212
POST,1912
GET,279
GET,248
DELETE,389
DELETE,1119
POST,2173
GET,471
GET,559
GET,358
GET,410
GET,284
GET,5919
GET,605
GET,287
POST,4419
GET,1617
GET,971
GET,1932
GET,4042
DELETE,2188
POST,4617
GET,491
GET,455
GET,1293
GET,1928
GET,414
GET,266
GET,253
GET,228
GET,904
DELETE,411
GET,493
GET,2109
DELETE,303
GET,827
GET,970
GET,1003
GET,2234
GET,286
POST,3542
DELETE,4081
GET,931
GET,5089
GET,418
GET,281
GET,271
POST,1557
GET,279
DELETE,682
GET,284
GET,212
GET,198
GET,4928
GET,1995
GET,1798
GET,5230
GET,382
GET,238
GET,239
GET,223
GET,209
GET,2050
GET,755
GET,289
GET,455
DELETE,274
GET,911
POST,16195
GET,332
GET,232
POST,2527
DELETE,279
GET,246
GET,421
DELETE,446
GET,464
GET,234
POST,3017
GET,493
POST,2897
POST,3241
GET,334
DELETE,415
GET,281
GET,657
GET,393
GET,261
DELETE,266
GET,429
GET,224
GET,258
POST,2916
GET,288
DELETE,465
GET,529
GET,318
GET,487
GET,303
GET,208
GET,226
GET,253
POST,3577
GET,369
GET,316
GET,250
GET,268
GET,241
GET,421
GET,256
GET,247
GET,252
GET,252
GET,399
GET,421
POST,3663
GET,383
GET,247
GET,281
GET,224
GET,243
GET,208
GET,212
GET,220
GET,478
GET,238
DELETE,516
GET,338
GET,321
GET,243
DELETE,437
GET,263
GET,294
GET,457
POST,1606
GET,265
GET,416
GET,295
GET,286
GET,278
DELETE,246
GET,529
GET,310
GET,287
GET,333
GET,296
POST,3027
GET,284
POST,2498
GET,308
DELETE,297
GET,577
POST,8293
GET,282
GET,305
GET,311
GET,258
GET,255
GET,259
GET,236
GET,274
GET,257
POST,4480
GET,292
GET,441
GET,219
POST,1742
GET,333
GET,278
DELETE,269
DELETE,214
POST,2594
GET,387
GET,231
GET,228
GET,420
GET,444
GET,210
GET,280
GET,372
GET,423
GET,395
GET,480
DELETE,494
GET,561
GET,280
GET,422
GET,511
GET,270
GET,1099
DELETE,334
POST,10001
GET,729
GET,496
GET,267
DELETE,224
GET,252
GET,249
DELETE,516
GET,407
POST,2499
GET,284
DELETE,532
GET,298
GET,246
GET,411
GET,1661
GET,609
GET,355
DELETE,537
GET,3958
POST,3122
GET,472
GET,270
GET,721
GET,305
DELETE,285
POST,11485
GET,404
GET,877
GET,436
GET,331
DELETE,247
DELETE,445
GET,258
GET,260
GET,232
GET,242
POST,1828
GET,240
GET,211
GET,209
GET,403
GET,245
GET,251
GET,431
GET,250
GET,244
GET,410
GET,297
DELETE,253
GET,249
GET,543
DELETE,214
GET,407
GET,398
GET,242
GET,268
GET,245
GET,243
DELETE,448
DELETE,252
GET,408
GET,394
POST,3487
GET,422
GET,261
GET,256
GET,422
GET,251
GET,249
POST,2144
DELETE,328
GET,237
GET,554
GET,260
DELETE,256
GET,268
GET,246
GET,301
DELETE,290
DELETE,254
GET,287
DELETE,223
GET,197
GET,224
GET,1361
POST,1719
GET,256
GET,231
GET,229
GET,400
GET,242
GET,259
GET,237
DELETE,218
GET,240
GET,450
GET,699
GET,292
GET,236
GET,520
GET,561
GET,210
GET,230
GET,226
POST,2821
GET,455
GET,229
GET,240
POST,1100
DELETE,201
POST,2685
GET,279
GET,245
GET,246
POST,3153
GET,4877
GET,446
DELETE,335
GET,251
GET,518
GET,253
GET,257
GET,1722
POST,2921
GET,615
GET,270
GET,250
GET,395
GET,238
GET,225
GET,224
GET,223
GET,381
GET,260
DELETE,240
GET,252
GET,218
GET,391
GET,1100
GET,251
GET,247
POST,4440
GET,404
GET,437
DELETE,321
POST,3073
GET,446
GET,228
GET,212
GET,210
GET,383
GET,197
GET,219
GET,215
POST,4494
DELETE,740
GET,534
GET,281
GET,421
POST,2991
GET,368
GET,294
GET,704
GET,2173
GET,402
GET,260
GET,974
POST,2604
GET,504
GET,361
GET,492
GET,327
GET,256
GET,257
GET,237
GET,222
DELETE,508
GET,309
GET,253
GET,314
GET,268
GET,317
GET,315
GET,298
GET,403
GET,222
GET,275
GET,250
GET,257
GET,251
DELETE,257
GET,260
GET,259
DELETE,257
GET,605
GET,491
GET,264
POST,3512
GET,662
DELETE,260
GET,241
GET,240
GET,245
GET,236
POST,2328
GET,266
DELETE,246
GET,244
GET,243
GET,238
GET,578
GET,254
GET,269
GET,314
GET,249
DELETE,243
GET,480
POST,2990
GET,301
GET,246
DELETE,302
GET,270
GET,396
GET,321
GET,258
GET,237
POST,4570
GET,534
DELETE,336
DELETE,271
DELETE,257
GET,255
GET,250
GET,527
GET,248
GET,232
GET,228
POST,2243
GET,271
GET,319
GET,193
GET,240
GET,295
DELETE,287
POST,2807
POST,3035
GET,274
GET,276
GET,256
DELETE,248
GET,238
GET,228
DELETE,1428
GET,314
GET,209
GET,238
GET,240
DELETE,284
POST,1443
GET,383
GET,292
DELETE,244
GET,311
GET,362
GET,396
POST,3007
GET,586
GET,249
GET,382
GET,216
GET,219
GET,2383
GET,469
GET,316
GET,262
GET,259
GET,267
GET,259
GET,440
POST,1839
GET,264
POST,251
GET,236
GET,346
GET,480
GET,284
GET,266
GET,265
GET,462
GET,267
GET,190
GET,360
POST,4746
GET,443
POST,7437
GET,266
GET,242
GET,234
GET,414
GET,253
GET,304
GET,284
DELETE,255
DELETE,248
POST,1874
POST,1151
GET,242
GET,242
GET,209
GET,213
DELETE,220
GET,221
GET,219
GET,210
GET,218
GET,218
GET,262
DELETE,214
GET,221
GET,221
GET,224
GET,194
GET,219
GET,389
DELETE,269
POST,1582
GET,452
GET,1441
GET,213
GET,637
GET,260
POST,7071
GET,269
GET,631
GET,638
GET,584
GET,617
GET,499
GET,597
GET,610
DELETE,370
GET,250
GET,235
DELETE,242
DELETE,1393
GET,258
GET,461
POST,5136
POST,4461
GET,428
GET,443
GET,4375
DELETE,241
DELETE,460
GET,283
GET,257
GET,286
GET,694
GET,540
GET,629
DELETE,432
DELETE,454
GET,251
GET,235
GET,273
GET,247
GET,239
GET,561
GET,1835
GET,484
GET,233
DELETE,518
GET,256
GET,233
GET,221
GET,245
GET,224
GET,231
DELETE,231
GET,462
GET,335
GET,237
GET,414
GET,130
GET,663
GET,243
GET,239
DELETE,246
GET,239
GET,282
DELETE,204
DELETE,212
DELETE,236
GET,240
GET,213
POST,2150
GET,414
GET,427
GET,341
GET,583
GET,300
GET,247
GET,246
GET,238
GET,237
GET,241
GET,241
GET,239
GET,230
GET,285
DELETE,243
POST,1975
POST,3474
POST,3333
GET,346
POST,2236
POST,2538
GET,289
GET,805
GET,500
GET,433
GET,263
GET,251
GET,917
GET,3952
POST,3731
POST,1517
GET,486
DELETE,509
POST,1924
GET,277
POST,6440
DELETE,376
GET,270
GET,309
GET,259
POST,2893
GET,403
GET,258
GET,1022
GET,293
GET,222
POST,2016
GET,526
GET,266
GET,410
GET,402
GET,283
GET,203
GET,215
GET,419
GET,300
POST,2926
POST,3049
GET,368
GET,252
GET,256
GET,454
DELETE,262
GET,252
DELETE,381
GET,265
GET,238
GET,231
POST,2853
GET,633
GET,256
GET,412
GET,239
GET,236
GET,242
DELETE,245
GET,400
POST,3107
GET,360
GET,323
POST,3498
GET,293
DELETE,503
GET,495
GET,260
DELETE,237
DELETE,253
DELETE,224
GET,142
GET,261
GET,275
GET,557
GET,252
DELETE,251
GET,284
GET,185
GET,231
GET,1656
GET,1539
POST,3379
GET,294
GET,285
POST,4031
GET,340
GET,441
GET,267
GET,257
GET,436
POST,2729
GET,264
GET,265
GET,253
GET,1450
GET,615
DELETE,564
POST,3239
GET,277
GET,262
POST,1727
GET,257
GET,232
GET,238
GET,246
GET,237
GET,306
POST,2681
GET,1281
DELETE,253
GET,416
GET,399
GET,280
GET,237
GET,247
GET,227
GET,336
GET,246
GET,217
GET,247
GET,246
GET,2266
GET,255
GET,246
POST,5230
GET,383
POST,1440
GET,238
GET,235
POST,7469
GET,273
DELETE,261
GET,409
POST,2339
POST,1293
GET,247
GET,376
POST,2963
GET,291
GET,439
GET,195
GET,386
GET,268
GET,495
GET,409
GET,250
GET,243
GET,246
GET,244
GET,230
GET,235
GET,243
GET,239
GET,247
POST,1585
GET,250
GET,421
GET,241
GET,242
GET,241
POST,2227
GET,408
POST,2234
POST,3113
GET,579
GET,528
GET,285
GET,260
GET,425
GET,217
GET,213
GET,111
GET,382
GET,484
GET,291
GET,264
GET,393
GET,235
GET,246
GET,232
GET,232
POST,2467
GET,307
GET,277
GET,302
GET,253
POST,6748
GET,468
GET,404
GET,282
GET,443
GET,191
GET,481
GET,399
GET,388
GET,299
GET,256
GET,254
GET,268
DELETE,438
GET,256
GET,431
GET,241
GET,380
GET,281
DELETE,220
GET,207
GET,207
GET,414
GET,927
GET,397
GET,468
GET,5305
GET,372
GET,251
POST,1881
GET,268
GET,259
GET,241
GET,397
GET,242
GET,243
GET,398
GET,243
GET,266
GET,416
GET,230
DELETE,238
GET,380
GET,241
GET,242
GET,252
GET,600
GET,722
GET,266
GET,223
GET,255
GET,2139
GET,1074
GET,335
GET,456
GET,389
GET,542
GET,238
GET,354
GET,368
GET,226
GET,232
GET,396
GET,278
GET,246
GET,403
GET,284
GET,257
GET,265
GET,435
POST,3828
POST,1586
GET,266
GET,239
GET,289
POST,7113
DELETE,294
DELETE,251
GET,270
GET,256
GET,651
GET,276
GET,293
GET,406
POST,3084
POST,216
GET,205
GET,382
GET,270
GET,451
GET,494
GET,217
POST,1749
POST,3158
GET,353
DELETE,660
GET,440
GET,407
DELETE,397
GET,217
GET,398
POST,3109
POST,1641
POST,2298
GET,335
GET,270
DELETE,252
DELETE,489
GET,1394
GET,782
GET,288
GET,275
GET,236
GET,752
GET,414
GET,239
DELETE,262
GET,252
GET,429
DELETE,282
POST,6212
GET,321
GET,254
GET,2758
GET,296
GET,913
POST,1564
GET,571
GET,394
GET,227
POST,2064
GET,589
DELETE,887
DELETE,267
GET,263
GET,465
GET,248
GET,246
GET,407
GET,425
GET,218
GET,473
GET,247
GET,511
GET,233
GET,357
GET,200
GET,217
POST,3113
GET,279
GET,262
POST,8862
GET,285
GET,418
POST,3129
POST,1400
DELETE,243
POST,1494
POST,2290
GET,580
GET,269
GET,256
GET,680
GET,420
GET,342
POST,1360
GET,4116
DELETE,371
GET,5217
GET,267
GET,249
GET,243
GET,275
GET,281
GET,243
GET,252
GET,250
DELETE,256
GET,251
GET,245
GET,255
GET,193
GET,239
GET,246
GET,667
GET,1428
GET,163
GET,640
GET,226
GET,169
GET,499
GET,1470
GET,290
POST,1901
GET,537
GET,260
GET,257
GET,387
GET,266
GET,257
GET,251
GET,260
POST,2928
POST,1471
GET,283
GET,242
GET,371
GET,263
GET,254
GET,258
GET,421
GET,234
GET,239
GET,407
POST,2241
GET,288
GET,549
GET,250
POST,2074
GET,268
GET,409
GET,261
GET,1093
GET,293
GET,247
GET,240
GET,256
GET,247
GET,398
GET,245
GET,271
GET,523
POST,2787
POST,2535
GET,313
GET,418
GET,1237
GET,265
GET,208
GET,222
GET,224
GET,363
GET,153
GET,211
GET,221
GET,1354
GET,537
GET,306
GET,570
GET,628
DELETE,275
GET,256
GET,337
DELETE,483
GET,425
GET,703
GET,448
GET,383
GET,237
GET,430
POST,2990
GET,280
GET,425
GET,270
GET,419
GET,250
GET,230
GET,253
DELETE,220
POST,3058
GET,447
GET,339
DELETE,250
DELETE,212
GET,228
GET,233
GET,369
GET,252
GET,261
GET,242
POST,3915
GET,307
GET,253
GET,222
DELETE,509
GET,258
GET,250
GET,246
GET,115
GET,270
GET,465
GET,273
GET,272
GET,608
GET,255
GET,240
DELETE,239
GET,236
GET,222
DELETE,235
GET,241
GET,243
GET,789
GET,1492
GET,485
GET,262
GET,5174
GET,219
GET,746
GET,446
GET,273
GET,259
GET,253
DELETE,427
GET,359
GET,901
GET,337
DELETE,245
POST,3470
GET,286
POST,2969
GET,262
GET,257
DELETE,258
GET,297
GET,254
GET,529
DELETE,452
GET,257
DELETE,255
GET,262
GET,270
GET,256
GET,256
POST,4602
GET,331
POST,2275
GET,553
GET,469
GET,666
GET,298
GET,592
POST,5655
GET,420
DELETE,251
GET,675
GET,270
DELETE,472
GET,275
GET,260
GET,257
GET,1156
GET,333
GET,263
GET,227
GET,255
GET,723
GET,267
GET,267
GET,377
POST,2265
GET,279
GET,269
GET,5082
GET,1038
DELETE,3960
GET,292
GET,453
GET,544
POST,1796
GET,259
DELETE,255
GET,243
GET,240
GET,384
GET,303
GET,246
GET,240
DELETE,244
GET,424
GET,237
GET,213
GET,1371
DELETE,337
GET,274
GET,261
GET,257
GET,438
GET,1891
GET,3677
GET,478
GET,932
GET,1756
GET,668
DELETE,350
GET,252
POST,3363
GET,471
DELETE,271
GET,305
GET,497
GET,212
GET,429
GET,1019
GET,249
GET,721
GET,996
GET,1002
GET,991
DELETE,1279
GET,195
GET,239
GET,1457
DELETE,284
GET,253
GET,273
GET,257
GET,293
GET,497
GET,231
GET,251
GET,256
GET,257
GET,258
GET,297
GET,646
GET,332
GET,353
GET,807
GET,408
POST,1437
GET,244
DELETE,269
GET,254
GET,250
GET,264
DELETE,257
GET,256
GET,257
GET,261
POST,1948
GET,1321
GET,274
DELETE,254
GET,252
GET,259
GET,241
GET,543
DELETE,309
GET,258
DELETE,413
GET,256
GET,214
GET,416
GET,233
POST,3548
GET,353
GET,304
GET,241
GET,354
GET,296
DELETE,251
GET,322
DELETE,1280
GET,274
GET,579
GET,398
GET,331
DELETE,217
GET,223
GET,228
POST,1377
GET,253
DELETE,327
GET,275
GET,305
GET,250
DELETE,250
GET,319
GET,322
GET,421
GET,190
POST,7515
DELETE,602
GET,242
GET,209
GET,418
GET,255
GET,269
GET,257
GET,237
GET,229
GET,260
DELETE,617
GET,284
GET,259
GET,276
GET,249
GET,254
GET,258
GET,525
GET,291
POST,1573
GET,5243
GET,544
GET,1141
POST,3020
GET,509
GET,261
DELETE,247
POST,9595
GET,414
GET,267
GET,251
GET,260
GET,261
GET,1220
GET,293
DELETE,272
GET,271
GET,279
GET,492
GET,278
GET,990
GET,275
GET,263
GET,259
GET,265
GET,1220
GET,279
GET,288
GET,259
GET,479
GET,282
GET,332
DELETE,276
GET,269
GET,276
GET,1070
DELETE,967
GET,951
GET,1070
GET,749
GET,658
POST,3693
GET,603
GET,766
GET,613
GET,320
GET,300
POST,3303
GET,295
GET,401
GET,226
GET,373
GET,233
GET,247
GET,229
GET,232
GET,214
GET,412
GET,265
GET,253
GET,433
GET,300
DELETE,260
DELETE,491
GET,269
GET,249
GET,255
GET,253
GET,675
GET,543
DELETE,798
GET,283
DELETE,267
GET,265
GET,648
GET,268
DELETE,256
GET,515
GET,225
GET,267
DELETE,246
GET,384
GET,206
POST,3065
GET,593
GET,242
GET,262
GET,213
POST,2360
DELETE,864
GET,322
GET,5223
DELETE,238
GET,249
DELETE,610
POST,3173
GET,323
DELETE,525
GET,632
POST,1603
GET,321
GET,596
GET,281
GET,622
GET,552
GET,255
GET,415
GET,233
GET,246
GET,226
POST,3430
DELETE,1365
DELETE,1795
GET,308
GET,544
DELETE,235
GET,367
GET,245
GET,245
POST,2925
GET,358
POST,2878
GET,539
GET,415
GET,263
GET,254
GET,277
DELETE,265
GET,311
GET,290
GET,289
GET,466
DELETE,410
GET,265
GET,257
DELETE,260
GET,667
GET,613
GET,247
GET,2210
GET,462
GET,413
GET,468
GET,585
DELETE,266
GET,227
GET,444
POST,2825
GET,438
GET,226
GET,222
GET,381
GET,223
DELETE,436
DELETE,228
GET,514
GET,250
GET,249
DELETE,250
GET,406
DELETE,281
GET,252
DELETE,257
GET,301
GET,255
DELETE,449
GET,260
GET,259
POST,5933
GET,270
DELETE,236
GET,394
GET,253
POST,1143
GET,486
GET,326
GET,263
GET,287
GET,259
POST,3241
GET,352
GET,1749
GET,356
DELETE,341
GET,949
GET,230
GET,238
GET,205
GET,172
GET,120
GET,246
GET,253
GET,250
GET,249
GET,250
GET,249
POST,1920
GET,281
GET,289
GET,246
GET,440
GET,217
GET,241
POST,1769
GET,272
POST,2390
GET,259
POST,2306
GET,311
GET,283
GET,221
GET,221
GET,1099
GET,408
GET,248
GET,240
GET,257
GET,2988
GET,570
GET,249
GET,262
POST,3054
GET,333
POST,1848
GET,1201
GET,503
GET,752
GET,430
GET,396
GET,338
GET,931
GET,261
POST,1927
GET,280
GET,330
DELETE,239
GET,279
GET,249
GET,596
GET,216
GET,203
GET,376
GET,192
GET,224
GET,219
GET,216
GET,227
GET,242
GET,217
GET,223
GET,423
GET,1182
GET,1846
POST,1869
DELETE,277
GET,228
GET,223
GET,218
GET,226
GET,997
DELETE,452
GET,246
POST,2871
POST,2291
GET,384
GET,435
DELETE,252
GET,260
GET,215
GET,244
GET,843
GET,315
GET,443
GET,889
GET,2753
GET,804
GET,397
GET,231
GET,452
POST,5156
POST,2013
GET,299
GET,756
GET,710
GET,244
GET,333
GET,361
GET,251
POST,9077
POST,347
GET,231
GET,595
GET,270
GET,371
GET,419
GET,503
GET,216
GET,245
GET,373
DELETE,236
DELETE,286
GET,235
POST,1901
DELETE,400
GET,567
GET,251
GET,414
GET,285
GET,244
POST,1393
GET,441
GET,311
GET,658
GET,4350
GET,419
GET,251
GET,242
GET,219
DELETE,228
DELETE,218
GET,227
GET,485
GET,261
POST,3310
GET,272
GET,266
GET,257
DELETE,318
GET,251
POST,2229
GET,695
GET,428
GET,252
GET,249
GET,305
GET,248
GET,251
GET,225
POST,7322
GET,452
GET,261
GET,267
GET,687
GET,521
GET,257
GET,236
GET,244
GET,432
POST,2109
GET,297
GET,782
DELETE,263
GET,307
GET,485
GET,378
GET,241
GET,487
POST,1291
GET,230
DELETE,395
DELETE,232
DELETE,213
GET,221
POST,1239
POST,5137
POST,3015
POST,2247
GET,263
GET,253
GET,5810
DELETE,515
DELETE,419
GET,240
GET,272
GET,359
DELETE,220
DELETE,243
GET,242
GET,229
GET,577
GET,236
GET,235
GET,242
POST,4214
GET,385
GET,253
GET,250
GET,433
GET,219
DELETE,287
DELETE,175
DELETE,173
DELETE,272
POST,5463
DELETE,293
GET,264
GET,440
GET,263
GET,243
POST,1425
GET,221
DELETE,228
GET,295
POST,1893
GET,279
GET,357
GET,436
GET,198
DELETE,589
GET,230
DELETE,251
GET,297
GET,248
GET,277
GET,975
GET,459
GET,356
POST,1291
GET,378
GET,222
GET,240
GET,225
GET,198
GET,417
GET,237
GET,385
GET,505
GET,213
GET,198
POST,3011
GET,277
GET,429
GET,273
GET,253
GET,259
GET,366
GET,306
GET,217
GET,222
GET,217
DELETE,213
GET,176
GET,225
GET,216
GET,221
GET,223
GET,223
GET,230
GET,287
GET,223
GET,423
GET,258
GET,393
GET,254
DELETE,419
DELETE,525
GET,248
GET,256
GET,245
GET,401
GET,258
GET,254
GET,234
GET,239
GET,275
DELETE,421
GET,260
GET,256
GET,452
GET,222
POST,2925
GET,335
DELETE,286
GET,447
GET,267
GET,269
GET,248
GET,248
DELETE,298
GET,430
GET,178
GET,209
GET,507
GET,290
GET,307
GET,256
GET,250
GET,244
DELETE,251
GET,407
DELETE,188
DELETE,180
GET,110
GET,378
GET,271
GET,226
GET,224
POST,2664
GET,282
POST,2696
GET,268
GET,288
DELETE,326
GET,231
GET,2827
GET,268
GET,319
GET,254
DELETE,254
GET,404
DELETE,228
POST,2582
GET,268
GET,371
GET,273
GET,260
GET,266
GET,217
GET,212
GET,204
GET,272
GET,246
DELETE,546
POST,2953
GET,367
DELETE,268
GET,324
GET,373
GET,261
GET,253
GET,301
GET,250
GET,230
GET,249
DELETE,311
GET,361
GET,883
GET,504
GET,303
GET,256
GET,221
GET,251
GET,256
GET,462
GET,279
GET,1187
GET,261
GET,293
DELETE,257
GET,476
GET,250
GET,504
DELETE,262
GET,393
POST,4422
GET,288
GET,2490
GET,249
GET,410
GET,201
GET,456
GET,2426
GET,238
GET,215
GET,226
GET,212
GET,218
GET,406
DELETE,1386
GET,216
GET,344
GET,232
GET,215
DELETE,212
DELETE,455
POST,3492
GET,387
GET,461
GET,347
GET,260
GET,271
GET,245
GET,259
GET,257
GET,4408
GET,313
GET,282
GET,370
GET,792
GET,276
GET,413
GET,217
GET,230
DELETE,274
GET,322
GET,730
GET,956
GET,268
GET,279
DELETE,239
GET,516
GET,286
GET,460
GET,385
GET,383
GET,253
GET,241
GET,248
GET,243
GET,224
GET,290
POST,6193
GET,257
DELETE,426
DELETE,231
GET,233
GET,198
POST,3828
GET,292
POST,2853
DELETE,1280
GET,325
GET,279
GET,1012
GET,986
GET,2273
GET,469
GET,264
GET,277
GET,226
GET,245
GET,259
GET,247
GET,442
GET,248
GET,1496
GET,388
GET,831
POST,2772
DELETE,1095
GET,324
POST,7112
GET,302
GET,251
GET,250
GET,288
GET,620
GET,560
GET,261
GET,253
GET,272
GET,258
GET,249
GET,594
GET,1434
GET,278
GET,266
GET,258
GET,263
POST,2615
POST,5521
GET,338
GET,262
GET,260
GET,257
GET,254
GET,833
GET,281
GET,311
GET,267
POST,2717
GET,322
POST,3387
GET,292
GET,227
GET,231
GET,250
GET,222
GET,512
GET,822
GET,323
POST,2248
GET,279
GET,221
GET,222
GET,241
GET,193
GET,395
DELETE,231
GET,227
GET,223
GET,222
GET,568
GET,2797
GET,518
GET,285
GET,257
GET,438
GET,236
GET,539
GET,260
GET,395
GET,470
GET,279
GET,574
GET,472
GET,323
POST,1617
GET,390
GET,809
GET,484
GET,289
GET,236
POST,3300
GET,366
DELETE,244
GET,248
GET,542
GET,234
GET,549
DELETE,544
GET,1812
POST,7053
GET,244
GET,233
GET,786
DELETE,590
GET,423
GET,428
GET,276
POST,1654
GET,2240
DELETE,387
GET,501
GET,332
GET,383
GET,392
GET,194
GET,221
POST,4852
GET,461
POST,2876
POST,3473
GET,330
GET,274
GET,430
GET,213
GET,237
DELETE,255
GET,318
POST,7913
POST,2040
GET,283
GET,805
DELETE,1002
GET,306
DELETE,512
GET,339
GET,259
GET,761
GET,1060
GET,317
GET,800
GET,758
GET,1216
GET,452
DELETE,306
GET,246
GET,253
GET,412
POST,2829
GET,298
GET,312
DELETE,267
GET,430
GET,279
GET,223
POST,3388
GET,299
GET,262
GET,261
GET,253
GET,255
GET,260
GET,285
GET,1276
GET,203
GET,182
POST,2006
GET,456
GET,5391
GET,315
GET,256
GET,1136
GET,177
GET,150
POST,3375
GET,280
GET,234
GET,237
GET,237
GET,1296
GET,563
DELETE,257
DELETE,585
GET,468
POST,1498
GET,266
DELETE,261
GET,319
DELETE,571
GET,390
GET,275
GET,245
GET,255
GET,305
GET,432
GET,525
GET,321
GET,273
GET,249
GET,250
GET,519
GET,255
GET,197
GET,248
DELETE,291
POST,3080
GET,544
GET,243
DELETE,225
GET,520
GET,519
GET,1070
GET,257
GET,245
POST,1354
GET,239
GET,219
GET,212
DELETE,213
GET,209
GET,211
GET,205
DELETE,213
POST,3587
GET,588
GET,255
DELETE,501
GET,501
GET,210
GET,530
GET,320
GET,302
GET,267
GET,498
POST,1906
DELETE,452
GET,313
POST,2951
GET,1327
GET,1104
GET,547
GET,232
POST,2839
GET,315
POST,1379
POST,2998
GET,281
GET,409
GET,436
GET,434
GET,312
GET,247
GET,256
DELETE,469
GET,261
POST,2018
GET,470
GET,264
DELETE,278
GET,250
GET,1262
GET,380
GET,259
GET,249
GET,293
GET,243
GET,245
DELETE,497
GET,247
GET,250
POST,1805
GET,263
GET,553
GET,174
DELETE,192
GET,239
GET,226
POST,7402
GET,337
GET,510
GET,556
GET,438
DELETE,238
GET,228
GET,285
GET,198
GET,266
POST,2206
GET,405
GET,404
GET,570
GET,330
GET,251
DELETE,243
GET,251
GET,239
GET,390
GET,271
DELETE,658
POST,6472
GET,2046
GET,521
GET,310
GET,310
GET,235
GET,251
GET,254
GET,256
GET,360
GET,256
GET,279
POST,1760
GET,265
GET,239
POST,5231
DELETE,4748
GET,281
GET,480
GET,298
GET,246
GET,243
GET,340
GET,252
GET,411
POST,2451
DELETE,460
GET,269
GET,260
GET,373
GET,252
GET,517
GET,605
GET,259
DELETE,225
GET,234
GET,242
GET,543
GET,426
DELETE,244
GET,219
GET,1205
POST,2330
GET,408
GET,256
DELETE,478
GET,309
GET,247
GET,529
GET,519
DELETE,263
GET,244
GET,390
DELETE,375
GET,251
GET,229
GET,507
DELETE,234
GET,222
GET,215
GET,226
GET,232
GET,475
GET,267
GET,250
GET,248
GET,249
GET,258
GET,338
GET,256
GET,267
GET,474
GET,999
GET,1001
GET,992
GET,946
GET,125
GET,5082
GET,1194
POST,1757
GET,3020
DELETE,1890
GET,5135
GET,956
DELETE,5025
GET,1000
GET,6178
GET,307
GET,245
GET,227
GET,222
POST,1773
GET,3033
DELETE,5288
GET,1081
GET,512
GET,4215
DELETE,974
DELETE,5026
GET,978
GET,1000
GET,317
GET,265
GET,4272
GET,1229
GET,3969
GET,358
GET,297
GET,470
DELETE,277
GET,255
GET,254
POST,1902
POST,5491
DELETE,1708
GET,530
DELETE,1539
GET,744
POST,2242
GET,594
GET,341
GET,501
GET,256
GET,243
GET,190
GET,214
GET,382
GET,404
GET,384
GET,218
POST,3133
GET,420
DELETE,226
GET,221
GET,394
POST,3107
GET,286
POST,4912
DELETE,312
GET,276
GET,251
GET,259
GET,256
DELETE,249
GET,439
GET,236
GET,301
POST,1169
GET,345
GET,219
GET,461
GET,267
GET,275
GET,292
GET,229
GET,402
POST,2928
GET,292
GET,255
GET,250
GET,231
GET,448
GET,233
GET,389
GET,233
DELETE,217
GET,195
GET,209
DELETE,471
GET,180
GET,217
GET,210
GET,215
GET,253
GET,183
GET,368
GET,170
DELETE,131
GET,242
GET,837
GET,219
GET,640
GET,3748
POST,4938
GET,296
GET,355
GET,219
POST,1527
GET,685
GET,274
GET,192
GET,532
GET,266
DELETE,240
GET,235
GET,239
GET,296
GET,230
POST,1886
GET,252
POST,2421
POST,1541
GET,532
GET,258
GET,391
GET,190
GET,229
GET,515
GET,253
GET,397
GET,399
GET,271
POST,1581
GET,280
DELETE,474
POST,1921
GET,259
GET,236
GET,397
GET,247
GET,244
GET,515
GET,206
GET,203
GET,206
GET,214
GET,217
GET,216
GET,214
GET,373
GET,376
GET,213
GET,243
POST,1093
GET,233
GET,230
GET,214
GET,209
GET,210
GET,251
GET,494
GET,368
POST,1528
GET,467
GET,398
POST,3263
GET,336
GET,339
DELETE,249
GET,238
DELETE,239
GET,251
GET,454
GET,257
GET,409
GET,436
DELETE,472
POST,1550
DELETE,254
GET,254
GET,238
GET,239
GET,255
GET,451
DELETE,249
GET,243
GET,237
GET,227
GET,217
GET,251
GET,570
DELETE,241
GET,242
GET,316
GET,254
POST,3493
GET,508
GET,219
DELETE,96
GET,290
DELETE,227
GET,242
GET,235
POST,1847
GET,294
GET,239
GET,242
GET,405
GET,458
GET,294
GET,274
GET,281
GET,276
GET,251
DELETE,259
GET,264
POST,1272
GET,271
GET,257
GET,462
GET,254
GET,259
GET,275
GET,258
GET,253
GET,304
GET,256
GET,199
GET,574
GET,293
GET,228
GET,226
GET,250
GET,244
GET,207
GET,314
GET,254
GET,229
GET,408
GET,260
DELETE,260
GET,224
DELETE,207
GET,237
GET,260
GET,226
GET,218
GET,232
GET,250
GET,266
GET,237
GET,210
GET,411
GET,240
GET,239
GET,303
GET,425
GET,417
GET,260
GET,270
DELETE,569
GET,255
GET,253
GET,213
GET,210
GET,243
GET,441
GET,230
GET,540
GET,270
GET,209
GET,255
GET,414
GET,426
GET,257
GET,264
GET,424
GET,249
GET,246
POST,3291
GET,273
POST,2735
GET,528
GET,271
GET,259
DELETE,254
GET,647
GET,437
GET,250
GET,392
GET,189
GET,360
POST,1587
GET,257
GET,241
POST,1367
POST,2702
GET,293
GET,280
GET,119
GET,232
GET,513
GET,260
DELETE,465
GET,556
GET,273
GET,5049
GET,393
GET,279
POST,4181
GET,578
POST,2169
GET,458
POST,8958
GET,514
GET,930
GET,310
GET,377
GET,253
GET,602
GET,254
POST,3044
GET,283
GET,455
GET,251
GET,381
GET,285
GET,444
POST,1412
DELETE,248
GET,243
GET,207
GET,230
GET,227
GET,400
GET,363
GET,228
GET,277
GET,187
GET,223
POST,3384
GET,297
POST,2377
DELETE,482
GET,275
GET,245
GET,242
DELETE,482
GET,472
DELETE,240
DELETE,306
GET,249
POST,2775
GET,296
GET,251
GET,279
POST,1493
GET,500
GET,212
GET,380
GET,369
GET,345
GET,256
GET,248
GET,389
GET,252
GET,415
POST,2086
GET,424
POST,2464
GET,293
GET,328
GET,395
GET,253
GET,196
GET,216
GET,219
GET,227
GET,482
GET,210
GET,239
GET,257
GET,205
DELETE,229
GET,250
POST,1934
GET,263
DELETE,244
GET,239
GET,239
GET,509
GET,258
GET,250
DELETE,247
GET,257
DELETE,247
GET,256
GET,509
GET,277
GET,194
GET,228
GET,296
GET,420
GET,414
GET,201
GET,429
POST,7018
GET,447
GET,271
GET,520
GET,267
GET,254
GET,669
GET,233
POST,7159
GET,350
GET,720
GET,285
GET,334
GET,245
GET,236
DELETE,250
GET,243
GET,295
GET,480
GET,5032
GET,259
GET,403
GET,214
GET,218
GET,215
GET,579
POST,1490
GET,242
GET,229
GET,237
GET,524
GET,346
GET,257
POST,2366
GET,472
GET,287
DELETE,232
POST,4989
GET,259
GET,236
GET,424
POST,5659
GET,305
GET,238
GET,226
POST,1988
GET,284
POST,3009
GET,528
GET,257
GET,247
GET,593
DELETE,333
GET,240
GET,401
GET,273
GET,316
GET,256
GET,338
GET,454
GET,233
GET,222
GET,220
GET,214
POST,2321
GET,426
GET,1231
GET,479
GET,433
GET,660
GET,418
GET,563
GET,483
GET,223
DELETE,230
DELETE,440
GET,190
GET,217
GET,210
GET,1993
GET,787
GET,509
GET,475
POST,7952
GET,364
GET,470
GET,335
DELETE,483
GET,229
GET,242
GET,238
GET,415
POST,2383
GET,518
GET,270
GET,110
GET,224
GET,244
GET,244
GET,452
GET,204
POST,3152
DELETE,289
GET,257
GET,299
DELETE,464
GET,188
POST,1712
POST,2415
GET,286
POST,2532
GET,464
GET,314
GET,412
DELETE,200
GET,253
GET,258
GET,509
GET,421
GET,226
DELETE,415
GET,400
DELETE,263
GET,242
GET,248
DELETE,223
GET,226
GET,249
GET,426
GET,408
GET,303
GET,245
GET,281
GET,238
DELETE,245
GET,241
GET,387
GET,246
POST,2474
POST,2231
GET,482
GET,239
GET,252
GET,236
GET,235
GET,241
GET,310
DELETE,449
GET,246
GET,387
GET,249
GET,248
DELETE,249
GET,241
GET,239
GET,383
GET,421
GET,419
GET,261
GET,269
POST,2456
GET,354
GET,305
DELETE,233
GET,237
POST,2876
DELETE,332
GET,267
GET,424
GET,205
GET,320
GET,217
GET,244
GET,244
GET,249
GET,230
GET,390
GET,584
GET,255
GET,262
GET,269
GET,250
GET,257
GET,431
DELETE,281
DELETE,252
GET,253
GET,251
GET,252
GET,238
GET,431
GET,256
GET,307
POST,2471
DELETE,387
GET,220
GET,276
GET,301
GET,390
GET,446
GET,328
DELETE,253
GET,274
GET,294
POST,2374
GET,549
GET,236
GET,373
POST,5596
GET,1042
GET,424
GET,461
GET,5146
GET,971
GET,1002
GET,5273
GET,721
GET,348
DELETE,459
GET,454
DELETE,239
GET,481
GET,741
POST,2642
GET,291
GET,443
POST,1846
GET,274
GET,253
GET,243
DELETE,634
GET,784
DELETE,523
GET,227
GET,290
DELETE,256
POST,3604
GET,314
GET,316
GET,262
POST,1398
GET,243
GET,377
GET,190
GET,201
GET,364
POST,1914
GET,253
GET,1320
DELETE,5026
GET,360
GET,249
GET,437
GET,325
GET,186
GET,220
GET,187
GET,371
GET,195
GET,223
GET,222
GET,217
POST,3199
GET,1575
GET,5077
GET,972
GET,5031
GET,962
GET,5019
GET,287
GET,259
GET,245
GET,239
GET,430
GET,266
POST,2512
GET,270
GET,257
GET,292
GET,252
GET,251
POST,3255
GET,285
GET,264
DELETE,261
GET,641
GET,261
GET,428
GET,634
GET,256
GET,206
DELETE,218
POST,2380
GET,291
GET,413
GET,189
GET,179
GET,692
GET,553
POST,3426
GET,302
GET,273
POST,2528
GET,263
GET,356
GET,252
GET,250
GET,266
GET,524
GET,241
POST,2203
GET,269
DELETE,241
GET,243
GET,445
POST,2432
GET,266
GET,246
GET,1888
GET,3157
GET,232
GET,229
POST,2866
POST,2859
POST,1970
GET,435
DELETE,300
DELETE,508
POST,3141
GET,376
GET,449
GET,424
GET,269
POST,3835
GET,335
GET,619
GET,258
GET,456
GET,268
GET,413
GET,238
GET,361
GET,262
GET,286
GET,244
GET,267
POST,8107
GET,474
DELETE,284
GET,269
GET,293
GET,313
GET,256
GET,264
GET,432
GET,1022
GET,349
GET,243
GET,270
GET,251
DELETE,251
GET,265
POST,2451
GET,311
GET,241
POST,2095
POST,2672
DELETE,289
GET,562
DELETE,298
GET,420
GET,232
GET,222
GET,215
GET,1086
GET,375
POST,4754
GET,446
GET,292
DELETE,384
DELETE,4922
GET,221
GET,268
GET,421
GET,263
GET,250
GET,249
GET,279
GET,240
POST,2684
DELETE,454
GET,306
GET,996
POST,3205
GET,287
GET,425
GET,184
GET,167
GET,289
GET,262
GET,223
GET,418
GET,408
GET,246
GET,245
GET,251
GET,254
GET,243
GET,281
GET,239
GET,235
GET,565
GET,419
GET,290
GET,230
GET,241
GET,240
POST,4801
GET,487
GET,428
DELETE,236
GET,228
GET,344
GET,238
GET,243
GET,245
DELETE,228
GET,283
GET,242
GET,240
DELETE,225
GET,236
GET,233
GET,444
POST,2390
GET,240
GET,263
GET,584
DELETE,733
GET,243
GET,443
DELETE,611
GET,258
GET,425
GET,945
DELETE,545
GET,273
DELETE,387
DELETE,388
GET,1532
GET,465
GET,211
GET,406
GET,211
GET,215
GET,232
POST,4884
GET,285
GET,248
GET,260
GET,302
GET,267
GET,249
DELETE,242
GET,396
GET,622
GET,246
POST,6467
DELETE,301
GET,259
GET,260
GET,245
GET,246
GET,233
GET,223
GET,237
GET,234
GET,262
GET,239
POST,1993
GET,247
GET,246
DELETE,528
GET,298
GET,238
GET,317
GET,241
GET,386
GET,254
GET,398
GET,432
GET,227
GET,3245
GET,302
GET,242
GET,391
GET,225
GET,258
GET,271
GET,130
GET,319
GET,263
DELETE,268
GET,246
GET,305
GET,529
POST,1510
GET,273
GET,280
GET,438
GET,215
DELETE,283
DELETE,417
GET,635
GET,229
GET,217
GET,223
POST,1677
POST,3127
GET,300
GET,257
GET,426
GET,1078
GET,279
GET,404
GET,263
GET,542
GET,987
GET,1022
POST,3319
GET,424
GET,256
GET,241
GET,207
GET,387
GET,234
DELETE,252
GET,496
GET,2247
GET,305
GET,556
GET,482
GET,523
GET,278
GET,232
GET,226
GET,228
GET,408
GET,186
POST,6008
GET,270
GET,242
DELETE,256
POST,1970
POST,1898
GET,260
GET,239
GET,319
DELETE,240
GET,242
POST,3747
GET,302
GET,261
GET,5548
GET,634
DELETE,268
GET,425
GET,472
GET,453
GET,429
POST,3152
GET,288
GET,331
GET,491
GET,1069
GET,964
GET,1957
GET,5035
GET,1014
GET,4999
POST,16323
GET,429
GET,459
GET,445
DELETE,221
GET,225
GET,189
POST,4689
GET,320
GET,245
GET,243
POST,6775
GET,434
GET,204
POST,1698
GET,337
GET,264
DELETE,253
GET,266
GET,196
GET,368
DELETE,274
DELETE,215
GET,630
GET,465
GET,220
GET,227
GET,443
GET,232
GET,216
GET,411
GET,187
GET,322
GET,247
GET,247
GET,237
GET,544
GET,289
GET,367
GET,1452
GET,3296
GET,3713
GET,1141
GET,261
GET,187
GET,210
GET,226
GET,219
GET,205
GET,208
GET,211
GET,229
GET,221
DELETE,225
GET,217
GET,208
GET,209
GET,204
GET,214
GET,206
GET,209
GET,209
GET,213
GET,433
GET,230
GET,208
GET,221
GET,362
POST,4898
GET,316
POST,2215
GET,274
GET,237
GET,238
GET,248
GET,233
GET,240
GET,244
GET,395
GET,217
GET,211
GET,213
GET,230
GET,518
GET,232
DELETE,463
DELETE,219
GET,211
GET,215
GET,254
GET,431
GET,434
DELETE,229
GET,228
GET,214
POST,1694
GET,378
GET,223
GET,229
GET,310
GET,227
GET,248
GET,232
GET,214
GET,227
GET,228
GET,282
GET,209
GET,218
GET,221
GET,227
DELETE,227
GET,226
DELETE,224
GET,228
POST,2175
GET,279
GET,239
GET,237
GET,529
GET,176
POST,2212
GET,275
GET,231
GET,233
GET,238
GET,352
DELETE,232
GET,228
GET,291
GET,238
GET,533
POST,2596
GET,367
GET,217
GET,234
DELETE,194
DELETE,230
GET,224
GET,214
GET,247
DELETE,220
DELETE,216
GET,214
GET,389
GET,174
GET,221
POST,3120
GET,254
GET,245
DELETE,241
GET,307
GET,299
GET,304
GET,245
POST,1867
GET,244
GET,237
GET,400
GET,177
GET,213
GET,368
GET,234
GET,370
GET,518
GET,190
GET,226
GET,210
GET,375
GET,357
GET,212
POST,1791
GET,238
POST,1763
GET,253
GET,255
GET,240
GET,379
POST,2077
GET,238
GET,231
GET,225
GET,237
GET,393
GET,246
POST,2565
DELETE,281
GET,247
POST,1985
GET,251
GET,235
GET,248
GET,228
GET,221
GET,228
GET,304
DELETE,225
GET,222
GET,230
GET,497
GET,379
GET,243
POST,3188
DELETE,260
GET,262
GET,387
GET,209
GET,354
DELETE,171
GET,208
GET,217
DELETE,207
POST,2319
GET,252
GET,323
GET,362
POST,2467
GET,271
GET,234
GET,242
GET,289
GET,210
GET,105
GET,248
GET,429
POST,1626
GET,303
POST,2248
GET,292
GET,246
GET,628
GET,253
DELETE,454
GET,219
GET,224
GET,226
GET,278
GET,229
GET,228
GET,225
GET,279
DELETE,186
GET,226
DELETE,223
GET,428
GET,398
GET,377
GET,433
GET,385
GET,198
GET,233
GET,226
GET,226
DELETE,224
GET,391
GET,195
GET,223
GET,235
GET,281
GET,230
POST,1184
GET,252
GET,257
POST,3163
POST,2095
GET,309
POST,1861
DELETE,261
GET,402
DELETE,246
GET,235
GET,235
DELETE,447
POST,7753
POST,3512
GET,293
GET,326
GET,274
GET,263
GET,260
GET,320
POST,1785
GET,545
GET,402
DELETE,268
GET,229
GET,577
GET,265
GET,545
GET,256
GET,234
DELETE,206
GET,239
GET,252
GET,2377
POST,1717
GET,299
DELETE,435
GET,243
GET,249
GET,235
GET,391
GET,243
GET,200
DELETE,214
DELETE,209
GET,369
GET,181
GET,183
DELETE,213
GET,216
GET,224
POST,9593
GET,505
GET,417
GET,216
GET,211
GET,217
GET,204
GET,337
GET,379
GET,255
GET,189
DELETE,99
POST,2316
GET,271
GET,663
GET,376
DELETE,221
GET,232
GET,234
GET,215
GET,501
GET,299
GET,254
GET,251
GET,247
GET,252
GET,245
GET,397
GET,212
GET,371
POST,1378
GET,396
GET,217
GET,206
GET,215
POST,2003
GET,1249
GET,255
GET,244
GET,235
GET,234
DELETE,233
POST,2368
POST,2399
POST,3397
GET,280
GET,248
POST,2560
GET,258
GET,324
GET,404
GET,235
GET,232
GET,234
GET,244
POST,2880
GET,256
DELETE,260
GET,253
GET,255
GET,394
POST,1276
GET,377
GET,213
GET,367
GET,254
GET,241
GET,241
GET,293
GET,254
GET,215
GET,248
GET,401
DELETE,225
GET,226
GET,428
GET,440
DELETE,234
POST,2380
GET,402
GET,232
GET,375
GET,223
GET,387
GET,213
GET,216
GET,333
GET,223
GET,212
GET,213
GET,370
POST,1266
GET,245
GET,237
GET,361
GET,221
DELETE,431
GET,218
POST,3186
GET,269
POST,2756
GET,436
GET,234
GET,276
GET,229
GET,390
GET,203
GET,213
GET,212
GET,213
GET,221
GET,231
GET,118
GET,239
GET,408
GET,174
GET,225
GET,215
GET,440
DELETE,296
DELETE,260
GET,230
GET,4187
DELETE,479
GET,233
DELETE,245
GET,246
DELETE,225
GET,411
GET,229
GET,323
GET,595
GET,355
GET,323
GET,274
GET,705
GET,433
GET,235
GET,226
GET,227
DELETE,441
GET,218
GET,227
GET,228
GET,226
DELETE,382
GET,227
GET,232
GET,234
DELETE,218
GET,215
GET,216
GET,222
GET,396
POST,2499
GET,261
GET,244
GET,242
GET,378
GET,383
DELETE,239
GET,389
GET,631
POST,4596
GET,242
GET,236
GET,243
GET,651
GET,285
GET,449
GET,433
DELETE,1903
GET,1397
GET,770
DELETE,551
DELETE,6420
GET,945
GET,363
GET,263
GET,238
GET,248
GET,1086
GET,332
GET,280
DELETE,413
DELETE,182
POST,1336
GET,382
DELETE,220
GET,220
GET,517
GET,248
GET,215
GET,243
GET,234
GET,254
GET,447
GET,335
DELETE,246
GET,186
GET,221
GET,570
DELETE,681
POST,1129
GET,224
DELETE,207
DELETE,212
GET,209
GET,220
GET,447
POST,1626
GET,311
GET,175
DELETE,344
DELETE,260
GET,363
GET,234
GET,221
GET,320
GET,249
GET,308
GET,467
GET,197
GET,446
GET,191
GET,210
GET,227
GET,225
GET,221
GET,227
GET,349
GET,368
GET,5134
GET,476
GET,246
GET,228
GET,219
GET,210
GET,431
GET,268
GET,262
POST,2142
DELETE,529
GET,237
GET,220
GET,248
GET,299
GET,210
GET,245
GET,397
GET,252
GET,235
GET,237
GET,237
GET,253
POST,2853
GET,267
GET,257
GET,428
DELETE,367
GET,206
GET,221
GET,224
GET,422
GET,210
GET,432
GET,263
POST,3876
GET,284
GET,621
GET,334
GET,523
GET,280
GET,264
GET,451
GET,307
GET,455
GET,231
GET,315
GET,254
GET,244
GET,1941
GET,343
GET,255
GET,233
GET,241
GET,358
GET,309
GET,240
GET,241
POST,2641
GET,264
GET,421
GET,259
GET,393
DELETE,227
GET,271
GET,229
GET,216
GET,214
DELETE,220
GET,212
GET,206
GET,376
GET,292
GET,357
GET,242
POST,1773
GET,399
GET,277
DELETE,221
POST,2977
POST,2459
POST,219
GET,114
POST,2738
GET,285
DELETE,256
GET,256
GET,385
GET,266
GET,260
GET,660
GET,376
GET,258
POST,5864
GET,432
GET,290
GET,430
GET,251
GET,230
POST,2570
POST,1643
GET,325
GET,415
GET,498
GET,270
GET,264
GET,275
GET,261
GET,641
GET,262
GET,488
GET,270
GET,246
GET,355
GET,3988
GET,1104
DELETE,554
GET,279
GET,577
GET,243
GET,251
GET,256
GET,245
GET,243
POST,3415
DELETE,475
GET,304
GET,490
DELETE,258
GET,431
DELETE,464
GET,610
GET,361
GET,273
GET,280
DELETE,255
POST,3032
GET,277
GET,242
GET,379
GET,305
GET,257
GET,263
GET,228
DELETE,253
GET,255
GET,280
GET,270
GET,313
POST,17356
GET,444
GET,255
GET,251
POST,15602
DELETE,411
GET,283
GET,252
GET,255
GET,245
GET,248
GET,263
GET,253
GET,259
GET,282
GET,254
GET,257
GET,260
DELETE,5178
GET,967
GET,987
GET,991
GET,1021
GET,996
GET,1002
GET,261
GET,311
GET,251
POST,3604
GET,356
GET,299
GET,416
GET,273
GET,226
GET,104
GET,198
GET,414
GET,300
GET,243
GET,271
GET,270
DELETE,260
GET,266
GET,439
GET,275
GET,237
GET,256
GET,263
GET,245
GET,398
GET,246
POST,2129
GET,265
GET,503
GET,399
GET,333
GET,397
POST,1607
DELETE,465
GET,476
DELETE,359
GET,265
POST,2682
GET,294
GET,253
GET,252
GET,254
DELETE,266
GET,244
GET,248
GET,248
GET,265
GET,218
DELETE,529
GET,264
DELETE,252
GET,246
GET,253
POST,1682
GET,254
GET,231
DELETE,226
GET,235
GET,382
GET,331
GET,491
GET,257
GET,264
GET,256
GET,403
GET,278
POST,1260
GET,398
GET,258
GET,223
POST,2926
GET,275
DELETE,249
GET,258
GET,247
GET,265
POST,1443
GET,410
GET,236
GET,377
GET,560
GET,259
GET,422
DELETE,271
GET,262
GET,256
GET,273
GET,294
GET,241
GET,239
GET,1361
GET,5180
POST,2034
GET,443
POST,8031
GET,369
GET,933
GET,993
GET,1010
GET,1001
GET,848
GET,259
DELETE,227
GET,542
GET,380
DELETE,448
GET,261
GET,1325
GET,948
GET,203
GET,367
GET,256
GET,504
GET,270
GET,2458
DELETE,312
GET,337
GET,282
GET,398
POST,3355
GET,314
GET,259
GET,260
GET,233
GET,237
GET,537
DELETE,216
DELETE,279
GET,250
GET,245
DELETE,244
GET,291
GET,241
GET,553
GET,243
GET,237
GET,238
GET,513
GET,261
GET,259
GET,262
GET,277
GET,530
GET,259
POST,2134
GET,262
GET,239
GET,247
DELETE,245
GET,240
GET,243
GET,251
GET,235
GET,505
GET,289
GET,414
GET,259
POST,2124
GET,361
GET,239
GET,692
GET,217
GET,256
DELETE,565
POST,2680
GET,397
GET,466
GET,268
GET,453
GET,242
GET,251
GET,765
GET,701
GET,196
GET,289
GET,217
GET,229
GET,216
GET,216
GET,220
GET,182
GET,410
DELETE,216
GET,219
GET,212
GET,216
GET,264
POST,2023
GET,427
GET,202
GET,206
GET,498
GET,1027
GET,5045
POST,4667
GET,354
DELETE,356
DELETE,252
GET,253
GET,257
GET,247
GET,250
GET,302
GET,256
GET,247
GET,247
POST,5906
GET,333
GET,2940
GET,1462
DELETE,212
GET,281
GET,813
GET,4986
GET,7084
GET,317
GET,237
DELETE,271
GET,232
GET,231
GET,2274
GET,431
GET,437
GET,268
GET,286
GET,1003
DELETE,236
GET,389
GET,221
GET,252
POST,2517
GET,331
GET,446
GET,635
GET,3178
GET,421
GET,256
DELETE,261
GET,1918
DELETE,3018
POST,4134
GET,266
GET,230
GET,236
GET,1457
GET,415
GET,247
GET,251
GET,245
GET,414
GET,453
GET,699
GET,971
DELETE,1000
GET,1975
GET,5042
GET,1000
GET,4992
GET,1010
GET,4998
GET,1010
GET,1004
DELETE,5007
GET,999
GET,4092
GET,610
GET,259
GET,236
GET,256
DELETE,464
POST,3062
DELETE,315
GET,259
GET,301
GET,257
DELETE,235
GET,235
GET,245
GET,465
GET,441
GET,544
GET,258
GET,245
GET,297
POST,2833
GET,434
POST,2170
GET,262
GET,328
POST,2698
GET,423
GET,240
GET,248
GET,493
GET,215
GET,211
GET,223
GET,244
DELETE,232
DELETE,211
GET,217
POST,2277
POST,1148
GET,213
GET,205
DELETE,215
DELETE,257
GET,172
GET,214
GET,212
GET,216
GET,206
GET,112
POST,1314
GET,256
GET,227
GET,221
DELETE,421
POST,1941
POST,1329
GET,413
GET,263
DELETE,444
GET,259
GET,243
GET,243
POST,1842
DELETE,262
GET,221
GET,231
GET,243
GET,426
GET,326
DELETE,477
POST,2690
GET,279
GET,287
GET,512
POST,2696
GET,272
GET,305
GET,299
GET,208
GET,244
GET,255
GET,275
GET,217
GET,247
GET,302
GET,246
GET,246
DELETE,250
GET,401
GET,194
POST,2658
DELETE,274
GET,528
GET,257
GET,249
GET,206
GET,263
DELETE,261
GET,461
GET,748
GET,307
GET,5634
GET,258
GET,251
DELETE,244
GET,254
GET,254
GET,245
GET,445
GET,252
POST,4567
GET,575
GET,247
GET,402
GET,257
GET,630
GET,384
GET,297
POST,5753
GET,343
GET,255
GET,291
GET,261
DELETE,193
GET,2326
GET,277
GET,1696
GET,280
DELETE,691
GET,529
GET,421
DELETE,920
GET,397
POST,8656
DELETE,529
GET,264
GET,276
GET,265
GET,271
GET,267
GET,281
POST,2113
GET,346
GET,217
GET,380
GET,835
POST,13980
GET,307
GET,206
GET,119
GET,520
GET,216
GET,313
GET,229
GET,226
GET,258
POST,1365
DELETE,299
GET,255
GET,213
GET,381
GET,191
GET,240
GET,230
GET,221
GET,212
GET,217
POST,8169
DELETE,296
DELETE,256
DELETE,255
GET,526
GET,248
GET,501
DELETE,229
GET,218
GET,226
GET,245
DELETE,182
GET,254
GET,210
GET,234
GET,201
GET,531
GET,267
GET,399
GET,249
POST,2453
GET,7111
GET,3979
GET,676
GET,242
GET,321
GET,274
GET,220
GET,296
GET,544
GET,409
POST,1330
POST,1211
GET,414
GET,396
GET,254
DELETE,258
GET,256
GET,394
GET,369
GET,372
GET,261
GET,219
GET,219
GET,177
GET,431
DELETE,221
GET,250
GET,293
GET,588
GET,4905
POST,1705
GET,287
GET,267
POST,2870
GET,493
GET,274
GET,399
GET,271
GET,247
DELETE,460
GET,257
GET,400
DELETE,396
GET,253
GET,398
GET,259
GET,256
GET,249
GET,250
GET,260
GET,259
DELETE,257
GET,631
GET,478
GET,251
GET,256
GET,230
GET,262
POST,3076
GET,277
GET,249
GET,210
GET,121
GET,223
POST,2765
GET,657
POST,11933
DELETE,5061
GET,976
GET,4941
GET,954
GET,5000
GET,2399
GET,1673
GET,5070
GET,984
GET,994
DELETE,986
DELETE,1017
GET,5977
GET,303
POST,3566
GET,310
GET,407
GET,1481
GET,5151
GET,885
GET,997
GET,5036
GET,5968
GET,10983
GET,6005
GET,5058
POST,3737
GET,5265
GET,5041
GET,984
GET,987
POST,8127
DELETE,627
GET,275
GET,255
GET,258
GET,3406
GET,5251
GET,1843
GET,5159
GET,5848
GET,581
GET,227
GET,245
GET,243
GET,242
GET,239
GET,407
GET,185
GET,211
GET,2660
GET,853
POST,14336
GET,499
GET,292
GET,279
GET,286
POST,2829
GET,310
GET,265
GET,273
POST,2606
DELETE,265
GET,434
GET,284
GET,268
GET,251
POST,2148
GET,262
GET,236
GET,241
DELETE,452
GET,249
POST,1358
GET,233
DELETE,246
GET,334
POST,15907
GET,416
GET,1614
GET,381
GET,522
DELETE,284
GET,259
GET,445
GET,450
GET,320
GET,404
GET,213
GET,267
GET,264
GET,481
GET,372
DELETE,255
GET,269
GET,217
GET,213
GET,608
GET,252
GET,249
GET,233
GET,298
GET,333
GET,1218
GET,1923
GET,5032
GET,1007
GET,4979
GET,1052
GET,987
GET,982
GET,1003
GET,8080
GET,4982
GET,5941
GET,5137
POST,6838
GET,5136
GET,948
GET,10969
POST,2908
GET,299
GET,240
GET,517
GET,398
GET,227
GET,230
GET,213
GET,443
POST,2639
GET,408
GET,212
POST,3763
GET,356
GET,1372
GET,926
GET,977
POST,16940
GET,485
POST,1298
GET,417
GET,280
GET,411
GET,249
DELETE,1971
GET,1931
DELETE,5073
GET,5955
GET,5059
GET,532
GET,257
GET,260
GET,254
DELETE,536
GET,322
GET,251
GET,419
GET,356
GET,217
GET,217
GET,182
POST,1910
GET,287
GET,239
GET,405
GET,191
GET,230
GET,228
POST,3053
GET,274
GET,254
GET,255
GET,255
GET,252
GET,250
GET,11499
DELETE,1726
GET,5983
GET,5065
GET,974
GET,994
GET,1013
GET,6974
GET,5053
GET,988
GET,987
GET,1002
GET,5971
POST,6634
GET,553
GET,297
DELETE,269
GET,286
GET,256
GET,258
GET,264
GET,221
POST,19484
DELETE,439
POST,1756
GET,436
GET,367
GET,242
GET,221
GET,199
GET,232
DELETE,221
GET,387
GET,214
DELETE,236
POST,6441
GET,8221
GET,835
GET,1941
DELETE,3942
DELETE,5114
GET,1950
GET,5965
GET,1482
GET,400
DELETE,366
GET,260
GET,258
GET,262
GET,400
GET,342
DELETE,270
GET,238
GET,222
DELETE,476
GET,220
GET,239
GET,243
GET,255
GET,251
GET,289
DELETE,242
POST,20480
POST,7338
GET,691
GET,959
DELETE,987
GET,5037
GET,1012
GET,973
POST,11974
GET,5097
GET,992
GET,5970
GET,5960
GET,5021
DELETE,411
GET,434
GET,321
GET,268
GET,256
GET,266
POST,20879
GET,5388
GET,854
GET,3087
GET,3061
GET,1160
GET,280
GET,249
POST,7165
GET,11161
GET,5011
GET,978
GET,963
GET,963
GET,1026
GET,1015
GET,5096
GET,875
GET,1990
POST,10058
GET,5098
GET,866
GET,5117
GET,897
GET,987
GET,1257
GET,274
GET,433
GET,193
POST,17647
GET,342
GET,771
GET,308
GET,258
DELETE,347
GET,229
GET,653
GET,250
DELETE,532
GET,585
GET,202
GET,150
GET,4008
DELETE,972
POST,14057
GET,364
GET,584
GET,441
POST,2647
GET,292
GET,250
GET,248
POST,2162
GET,266
GET,229
GET,228
DELETE,250
GET,223
GET,228
GET,226
DELETE,544
POST,3345
DELETE,1511
POST,11251
GET,372
GET,311
GET,269
GET,246
GET,621
GET,420
GET,369
POST,5052
GET,10190
GET,422
POST,2654
GET,445
GET,264
GET,246
GET,239
GET,742
DELETE,958
POST,7871
GET,587
GET,672
GET,947
POST,12906
GET,5061
GET,993
DELETE,1267
GET,441
GET,274
GET,365
GET,430
GET,245
GET,1999
GET,1011
GET,4988
DELETE,1012
GET,3132
GET,505
GET,256
POST,6690
GET,295
GET,204
POST,7551
GET,430
GET,256
GET,4744
POST,3093
GET,378
POST,1902
GET,279
GET,266
GET,259
GET,257
GET,250
GET,304
DELETE,234
GET,198
GET,245
GET,274
GET,305
DELETE,254
GET,253
GET,267
GET,419
GET,235
GET,235
GET,2156
GET,4993
DELETE,4556
GET,396
POST,8428
GET,347
GET,276
GET,3115
GET,959
GET,3309
GET,1716
GET,1007
GET,4988
GET,1075
GET,810
GET,285
GET,289
POST,8758
GET,1048
GET,449
GET,215
GET,233
GET,363
GET,302
GET,1347
GET,784
GET,383
GET,1317
GET,4049
GET,450
GET,289
GET,379
POST,2781
GET,303
GET,253
GET,245
DELETE,263
GET,244
GET,250
GET,294
GET,250
GET,242
GET,247
GET,250
GET,251
GET,252
GET,232
POST,2978
GET,268
DELETE,278
POST,8283
GET,473
GET,695
GET,510
GET,253
GET,248
GET,240
GET,242
GET,244
DELETE,452
DELETE,452
GET,231
GET,218
DELETE,248
GET,269
GET,262
POST,2671
GET,255
GET,254
GET,244
GET,239
GET,2736
GET,327
GET,774
GET,398
GET,358
GET,281
GET,295
POST,4831
POST,5583
GET,301
GET,338
GET,310
POST,1779
GET,265
GET,236
POST,2556
GET,542
GET,320
GET,272
GET,243
GET,236
GET,379
GET,326
GET,300
POST,5644
DELETE,345
GET,507
DELETE,249
DELETE,244
DELETE,624
GET,267
GET,492
GET,705
GET,260
GET,241
GET,697
POST,3440
POST,3211
GET,779
GET,697
DELETE,949
GET,942
GET,2719
GET,243
GET,150
GET,297
GET,262
GET,267
POST,3703
GET,337
POST,2682
GET,375
DELETE,308
GET,542
GET,307
GET,441
GET,288
GET,282
POST,3537
GET,368
GET,7299
GET,302
POST,3522
GET,754
GET,279
GET,478
GET,215
POST,3939
GET,334
GET,252
GET,532
GET,460
DELETE,234
DELETE,1524
GET,396
GET,327
GET,265
POST,4456
DELETE,348
GET,244
GET,241
GET,243
GET,246
POST,1850
GET,286
GET,230
POST,1743
GET,300
GET,313
GET,279
GET,218
GET,258
GET,248
GET,272
GET,254
DELETE,247
GET,258
GET,447
GET,216
GET,514
GET,289
POST,3368
GET,537
DELETE,261
GET,529
GET,391
DELETE,298
DELETE,264
GET,297
DELETE,275
POST,2566
GET,312
GET,319
GET,272
GET,471
DELETE,274
POST,1804
GET,265
GET,438
GET,227
DELETE,228
GET,557
GET,233
DELETE,250
DELETE,549
GET,1216
GET,321
POST,2601
GET,578
GET,329
GET,401
GET,273
DELETE,266
POST,2417
GET,993
GET,357
GET,486
GET,257
GET,1400
GET,588
GET,722
GET,487
POST,2361
GET,276
GET,212
POST,2299
GET,3579
GET,266
GET,380
DELETE,225
GET,554
GET,568
GET,465
GET,261
GET,414
GET,641
POST,2511
GET,264
GET,321
GET,275
GET,585
GET,219
GET,401
POST,2751
GET,484
GET,619
GET,228
GET,317
GET,254
GET,265
GET,215
GET,255
GET,258
GET,392
GET,306
GET,271
GET,271
GET,468
GET,253
GET,253
GET,405
GET,241
GET,246
DELETE,451
POST,2834
DELETE,283
GET,417
GET,378
GET,363
DELETE,272
GET,235
POST,1849
GET,446
GET,270
GET,263
GET,526
POST,7641
DELETE,540
DELETE,278
GET,316
GET,428
GET,390
DELETE,246
GET,241
POST,2449
GET,421
GET,244
GET,239
POST,3050
GET,1215
GET,298
POST,3977
POST,2755
GET,282
GET,389
GET,271
GET,272
GET,250
GET,440
POST,2343
GET,300
GET,217
GET,244
GET,246
GET,244
POST,2933
GET,520
GET,224
GET,401
GET,212
GET,1324
GET,390
POST,2542
GET,347
GET,250
GET,252
GET,455
GET,271
GET,276
DELETE,243
GET,399
GET,267
POST,4027
GET,269
GET,249
GET,265
GET,247
GET,851
GET,268
DELETE,2053
GET,404
DELETE,213
GET,237
DELETE,442
GET,211
DELETE,380
DELETE,207
GET,1064
GET,251
GET,235
GET,1102
GET,408
GET,380
GET,250
GET,270
GET,215
GET,234
GET,240
POST,4339
GET,276
GET,400
GET,251
GET,378
GET,236
POST,2415
GET,308
GET,232
GET,239
GET,244
GET,504
DELETE,253
GET,554
GET,382
POST,1293
GET,222
GET,225
GET,215
DELETE,219
GET,223
GET,211
POST,1328
GET,233
GET,560
POST,1554
GET,247
GET,303
GET,245
GET,263
GET,354
POST,2846
GET,4857
GET,234
GET,230
GET,244
GET,246
POST,2572
POST,2632
DELETE,261
GET,250
GET,244
GET,233
GET,226
GET,234
GET,233
GET,437
POST,1575
GET,392
DELETE,184
GET,209
POST,1747
GET,268
GET,343
GET,225
GET,518
GET,218
GET,228
GET,215
DELETE,222
GET,216
GET,255
GET,193
GET,218
GET,516
DELETE,186
GET,214
POST,3078
GET,277
GET,252
GET,226
GET,218
POST,2819
GET,270
POST,3018
GET,260
GET,318
GET,271
GET,208
