GET,1087
GET,618
GET,504
GET,219
GET,597
GET,353
GET,218
POST,3685
GET,561
GET,493
GET,255
POST,2206
GET,374
GET,261
GET,197
GET,213
GET,213
GET,230
GET,188
GET,211
GET,216
GET,516
DELETE,273
POST,2523
GET,343
GET,254
DELETE,256
DELETE,271
GET,252
GET,240
GET,622
GET,309
GET,244
GET,260
DELETE,269
POST,1503
GET,368
GET,227
GET,230
POST,1438
GET,339
GET,230
POST,1266
GET,363
GET,219
POST,3075
GET,281
POST,1627
GET,305
GET,303
GET,277
GET,252
GET,258
GET,245
GET,258
POST,2755
GET,401
POST,1785
GET,339
GET,247
GET,244
GET,211
GET,242
GET,241
GET,244
GET,523
GET,262
GET,258
GET,214
GET,229
GET,204
POST,2697
GET,748
GET,430
GET,215
GET,244
GET,243
GET,323
POST,2707
GET,515
GET,276
POST,1478
GET,495
GET,213
GET,245
GET,248
POST,2048
GET,265
DELETE,249
POST,1925
DELETE,433
DELETE,242
GET,508
GET,301
GET,249
GET,267
GET,268
GET,261
POST,2101
GET,341
GET,229
GET,427
GET,632
GET,266
DELETE,232
DELETE,244
GET,273
GET,245
GET,467
GET,317
GET,242
GET,209
GET,234
DELETE,248
GET,233
GET,199
DELETE,229
GET,268
GET,278
GET,187
GET,235
GET,229
GET,244
GET,310
DELETE,249
GET,235
GET,265
GET,248
DELETE,236
DELETE,210
GET,287
GET,266
GET,459
GET,456
GET,226
GET,231
GET,239
GET,269
GET,417
GET,259
GET,250
GET,264
POST,3498
POST,2453
GET,349
GET,309
GET,269
GET,251
GET,250
GET,242
GET,275
POST,3162
GET,424
GET,254
GET,268
DELETE,274
GET,285
GET,285
GET,290
GET,358
GET,328
GET,413
GET,428
GET,278
DELETE,266
GET,235
GET,511
GET,315
GET,212
GET,224
GET,239
DELETE,256
GET,199
GET,213
GET,229
GET,240
GET,251
GET,201
GET,237
GET,227
GET,231
GET,196
GET,225
GET,224
DELETE,222
GET,270
GET,220
GET,231
GET,231
GET,246
GET,220
GET,204
GET,237
GET,246
GET,276
GET,198
DELETE,251
GET,253
GET,261
GET,180
GET,219
GET,192
POST,2777
GET,448
GET,259
GET,215
GET,210
GET,230
GET,233
GET,209
POST,2768
DELETE,372
GET,247
GET,269
POST,1662
GET,366
DELETE,237
GET,243
GET,226
GET,254
GET,436
GET,221
GET,231
GET,431
GET,253
GET,237
POST,2447
GET,274
DELETE,239
POST,3112
GET,383
GET,279
GET,205
POST,1692
GET,281
DELETE,262
GET,269
GET,232
DELETE,247
POST,3008
GET,354
GET,310
GET,215
GET,203
GET,191
GET,277
DELETE,251
POST,2188
GET,335
GET,270
GET,227
GET,231
GET,236
POST,1709
GET,335
GET,265
GET,1046
POST,2241
GET,366
DELETE,519
GET,236
DELETE,237
POST,2356
GET,344
GET,256
GET,248
POST,1581
GET,533
GET,488
GET,261
GET,229
DELETE,301
GET,240
GET,240
GET,514
GET,931
GET,489
GET,302
POST,2694
GET,261
GET,298
GET,254
POST,2940
DELETE,354
GET,261
GET,271
DELETE,249
POST,1873
POST,2598
DELETE,396
GET,276
GET,247
GET,288
GET,334
GET,225
GET,240
GET,245
GET,269
GET,196
GET,245
GET,241
POST,1331
POST,244
GET,173
GET,418
GET,292
GET,249
GET,263
GET,244
GET,247
GET,259
GET,517
GET,361
GET,257
GET,279
GET,247
GET,252
GET,255
GET,251
GET,294
GET,249
POST,1652
GET,323
GET,361
GET,314
GET,267
POST,3462
GET,363
GET,271
DELETE,206
DELETE,212
DELETE,199
GET,212
GET,202
GET,286
DELETE,215
GET,184
GET,187
GET,217
GET,228
GET,233
GET,221
GET,215
GET,207
DELETE,574
GET,303
GET,499
GET,282
GET,489
DELETE,292
GET,237
GET,246
GET,250
GET,304
GET,243
POST,2176
POST,1364
GET,338
POST,2729
GET,345
GET,487
GET,511
GET,337
GET,245
GET,450
GET,271
DELETE,236
GET,255
GET,241
GET,233
GET,241
GET,236
GET,238
GET,236
GET,225
GET,235
GET,243
GET,230
GET,234
GET,236
GET,255
GET,242
GET,234
DELETE,251
GET,255
GET,240
GET,157
GET,228
GET,226
POST,2507
GET,350
GET,247
GET,220
GET,212
GET,255
GET,246
GET,268
GET,203
GET,224
DELETE,604
GET,259
GET,229
GET,231
GET,205
GET,283
GET,400
GET,245
GET,260
GET,217
GET,237
DELETE,227
POST,1870
POST,1966
POST,1906
GET,284
DELETE,287
GET,248
POST,1397
GET,289
GET,263
GET,257
GET,240
POST,1884
GET,323
DELETE,592
POST,3193
GET,360
GET,237
GET,229
GET,224
GET,312
GET,277
DELETE,257
DELETE,500
GET,223
GET,258
GET,423
GET,257
DELETE,222
GET,250
GET,278
GET,466
GET,256
GET,242
GET,241
POST,1753
GET,264
GET,886
GET,529
DELETE,896
GET,316
GET,418
GET,260
GET,251
GET,297
GET,273
GET,272
GET,322
GET,283
DELETE,247
GET,355
GET,232
GET,278
GET,253
GET,261
DELETE,337
GET,262
GET,252
DELETE,215
GET,254
GET,258
GET,237
GET,267
GET,355
GET,416
GET,262
POST,3182
GET,334
GET,251
GET,382
DELETE,295
GET,369
GET,345
GET,374
GET,173
GET,428
GET,481
GET,203
GET,225
GET,227
GET,272
GET,223
GET,215
GET,228
DELETE,248
POST,3288
GET,392
GET,368
GET,292
GET,348
GET,261
DELETE,276
GET,275
GET,262
GET,282
GET,245
GET,365
GET,291
GET,228
GET,225
GET,236
GET,213
DELETE,237
GET,227
GET,242
GET,252
GET,814
GET,279
DELETE,310
POST,3274
GET,330
GET,287
GET,256
GET,221
GET,279
GET,281
POST,1389
GET,308
GET,249
DELETE,219
POST,2561
GET,347
DELETE,252
GET,498
GET,283
GET,193
DELETE,234
GET,233
GET,281
GET,294
GET,239
GET,438
DELETE,222
GET,212
GET,484
GET,263
GET,201
POST,2832
GET,348
GET,529
GET,329
GET,244
GET,268
GET,252
POST,2703
GET,369
GET,265
GET,257
GET,288
DELETE,247
GET,327
GET,296
GET,273
GET,260
GET,207
GET,216
GET,222
GET,199
POST,3983
GET,480
GET,361
GET,223
GET,227
GET,218
GET,243
GET,249
GET,177
DELETE,215
GET,213
GET,235
GET,224
DELETE,524
GET,325
DELETE,438
GET,245
POST,1390
GET,315
GET,240
DELETE,247
POST,3225
POST,1743
GET,376
GET,248
GET,249
GET,536
DELETE,265
GET,222
GET,214
GET,229
GET,191
GET,200
GET,208
POST,1771
DELETE,321
GET,290
GET,180
GET,478
POST,3351
GET,326
GET,246
GET,431
GET,249
GET,248
GET,257
DELETE,469
GET,223
DELETE,562
DELETE,494
GET,248
GET,298
GET,299
GET,302
POST,2912
GET,422
GET,245
GET,250
GET,256
GET,211
DELETE,232
GET,242
GET,240
POST,2103
POST,1933
POST,1713
POST,1822
DELETE,578
GET,310
GET,293
GET,616
GET,234
GET,224
GET,229
GET,225
GET,253
GET,222
GET,225
GET,229
GET,265
POST,2198
POST,2905
GET,305
GET,267
GET,276
GET,238
GET,263
DELETE,246
DELETE,273
GET,233
POST,2727
GET,393
GET,361
GET,245
POST,2046
GET,328
POST,1452
GET,335
GET,259
GET,188
POST,2230
GET,538
GET,205
GET,233
GET,212
GET,198
GET,184
GET,208
GET,447
GET,281
POST,1794
GET,311
GET,419
GET,213
GET,229
GET,214
GET,237
GET,232
GET,852
GET,264
GET,239
GET,229
DELETE,236
GET,228
GET,261
GET,190
POST,2051
DELETE,295
GET,247
GET,257
GET,237
GET,212
GET,186
DELETE,227
GET,228
GET,177
GET,214
GET,216
GET,174
GET,281
GET,383
GET,370
POST,1750
GET,298
GET,497
GET,556
GET,313
GET,424
GET,942
DELETE,333
GET,272
GET,257
GET,261
GET,424
DELETE,228
GET,246
POST,1808
GET,329
GET,268
GET,195
POST,2808
POST,2138
GET,328
GET,276
GET,298
GET,292
GET,257
DELETE,288
GET,280
GET,381
GET,221
GET,306
GET,303
GET,265
GET,294
POST,3248
GET,402
GET,418
GET,265
GET,229
GET,254
POST,2615
GET,328
GET,269
GET,335
GET,226
GET,261
GET,279
DELETE,543
GET,295
GET,311
GET,249
GET,319
DELETE,270
DELETE,256
GET,270
GET,446
GET,263
DELETE,310
GET,250
GET,327
POST,3357
DELETE,289
DELETE,257
GET,293
GET,273
GET,260
GET,625
GET,266
GET,263
GET,323
GET,243
GET,223
DELETE,252
GET,314
GET,365
GET,238
GET,278
GET,267
GET,220
GET,240
GET,236
GET,253
GET,199
GET,261
POST,1748
POST,1573
DELETE,281
GET,237
GET,268
GET,278
GET,286
POST,2892
GET,355
GET,285
GET,478
GET,241
DELETE,205
GET,228
GET,291
GET,112
GET,247
GET,249
GET,258
GET,210
GET,227
GET,239
DELETE,261
GET,1031
GET,791
GET,349
GET,237
GET,237
GET,239
GET,516
DELETE,477
GET,229
GET,230
GET,220
POST,2492
DELETE,364
GET,271
GET,243
POST,2093
DELETE,308
GET,260
GET,253
GET,249
GET,266
GET,246
GET,245
GET,243
POST,3032
POST,3668
GET,356
GET,370
GET,277
GET,264
GET,246
GET,248
GET,244
GET,241
GET,245
GET,260
GET,438
DELETE,228
GET,275
GET,198
GET,244
GET,251
GET,274
POST,1693
POST,3087
GET,385
DELETE,490
GET,246
GET,362
GET,185
GET,214
GET,232
GET,396
GET,215
GET,229
GET,176
GET,239
GET,200
GET,225
GET,248
GET,287
GET,233
POST,2777
GET,313
GET,250
DELETE,221
POST,2144
DELETE,578
GET,262
GET,257
GET,228
GET,215
GET,225
GET,246
GET,241
GET,187
GET,287
DELETE,519
GET,264
GET,247
DELETE,253
POST,3148
GET,330
GET,313
GET,235
POST,2284
DELETE,319
GET,230
POST,1659
GET,297
GET,292
GET,443
GET,211
GET,253
GET,365
GET,246
GET,263
GET,263
DELETE,216
GET,497
GET,281
DELETE,180
DELETE,220
DELETE,219
GET,258
GET,224
DELETE,211
DELETE,220
GET,226
GET,225
GET,221
POST,3262
GET,427
GET,285
GET,221
GET,251
GET,294
DELETE,254
GET,189
DELETE,202
GET,218
GET,245
GET,213
GET,211
GET,206
GET,233
POST,2784
GET,739
GET,467
GET,383
GET,232
GET,240
GET,234
GET,263
GET,229
POST,2684
DELETE,307
GET,270
GET,385
GET,277
GET,253
GET,249
POST,3144
GET,359
POST,2024
GET,361
GET,258
GET,386
DELETE,474
GET,305
GET,254
GET,202
GET,231
GET,237
GET,247
GET,194
GET,238
GET,223
GET,292
DELETE,168
DELETE,517
GET,287
GET,266
DELETE,191
GET,220
GET,224
GET,244
GET,225
GET,231
GET,226
DELETE,896
GET,258
GET,328
GET,272
DELETE,259
DELETE,264
POST,2909
GET,334
GET,240
GET,223
GET,234
GET,273
POST,3473
GET,290
GET,307
GET,241
GET,247
GET,242
GET,714
POST,3541
GET,383
POST,1706
GET,308
GET,212
GET,256
GET,358
POST,1677
GET,318
GET,269
POST,2938
GET,393
DELETE,266
GET,252
GET,249
GET,255
GET,223
GET,242
DELETE,259
GET,417
GET,269
GET,242
GET,452
GET,233
DELETE,240
GET,240
GET,278
DELETE,205
GET,229
POST,2257
POST,3101
POST,2360
GET,352
GET,235
DELETE,245
GET,230
DELETE,252
GET,270
POST,3055
GET,320
POST,2745
GET,379
GET,274
GET,249
GET,269
GET,236
POST,3081
GET,317
GET,257
GET,276
GET,231
GET,247
GET,255
GET,297
DELETE,258
GET,245
DELETE,245
GET,317
GET,253
GET,247
GET,241
GET,284
GET,256
DELETE,252
GET,248
GET,299
GET,230
DELETE,226
GET,233
GET,257
GET,211
GET,243
GET,596
GET,238
GET,241
POST,2730
GET,340
GET,298
GET,263
GET,242
GET,237
GET,257
GET,247
GET,193
GET,234
GET,232
GET,449
DELETE,249
GET,233
POST,2405
POST,3313
POST,2427
GET,389
GET,273
GET,245
GET,252
GET,230
GET,214
POST,2902
POST,3228
GET,346
POST,2740
GET,396
GET,251
GET,234
GET,218
GET,288
GET,394
GET,267
DELETE,282
GET,267
GET,269
GET,256
POST,1400
GET,343
GET,261
GET,269
GET,263
GET,261
GET,248
GET,265
GET,217
GET,269
GET,253
DELETE,561
GET,309
GET,277
GET,393
GET,242
GET,247
GET,267
POST,3559
GET,262
GET,257
GET,231
GET,231
GET,238
GET,240
GET,232
GET,238
GET,233
DELETE,263
DELETE,509
GET,295
DELETE,258
GET,237
GET,229
POST,3552
DELETE,340
GET,313
GET,244
GET,243
POST,1910
GET,316
GET,272
GET,251
GET,269
GET,201
GET,239
GET,239
GET,289
GET,246
GET,244
DELETE,521
GET,250
POST,1812
GET,299
GET,255
DELETE,564
GET,456
GET,269
GET,258
POST,2429
GET,450
GET,267
GET,216
GET,245
GET,246
GET,257
GET,468
GET,246
GET,303
GET,241
GET,249
GET,561
GET,235
DELETE,245
GET,235
GET,244
GET,283
GET,255
GET,251
GET,272
GET,222
POST,3006
GET,368
GET,353
DELETE,208
GET,226
GET,261
GET,282
GET,247
DELETE,242
GET,244
GET,228
GET,274
GET,185
GET,259
POST,2810
GET,277
GET,250
GET,261
GET,245
GET,237
DELETE,280
GET,221
DELETE,250
GET,254
GET,440
GET,224
DELETE,264
GET,364
POST,1987
DELETE,266
GET,245
GET,244
POST,3606
GET,290
GET,244
GET,229
GET,231
DELETE,220
GET,227
GET,263
DELETE,426
POST,1269
DELETE,215
GET,371
POST,2549
GET,305
GET,251
GET,265
GET,237
DELETE,259
GET,377
GET,222
DELETE,448
POST,3148
POST,2809
POST,3074
GET,418
GET,264
GET,283
POST,1288
GET,244
GET,220
GET,232
GET,189
GET,215
DELETE,213
GET,218
DELETE,229
GET,218
GET,243
GET,241
POST,1659
GET,262
GET,249
GET,245
GET,195
GET,238
GET,246
DELETE,1106
POST,2350
POST,1512
GET,270
GET,256
GET,254
GET,239
GET,284
GET,391
GET,393
GET,280
GET,236
GET,228
GET,216
POST,2151
GET,300
GET,259
POST,2322
GET,357
GET,358
DELETE,245
GET,253
POST,3351
GET,287
DELETE,248
GET,263
GET,242
GET,230
GET,244
GET,266
GET,246
GET,253
GET,249
GET,401
GET,239
GET,219
POST,1904
GET,313
POST,3120
GET,266
GET,268
GET,253
GET,299
GET,251
GET,241
GET,249
GET,425
DELETE,361
GET,425
GET,390
GET,264
POST,1406
POST,2978
GET,289
GET,256
GET,265
GET,321
GET,265
GET,259
GET,289
GET,480
GET,274
DELETE,276
DELETE,276
GET,260
GET,243
GET,267
GET,235
GET,211
DELETE,455
GET,228
GET,202
GET,229
GET,225
GET,262
DELETE,273
GET,258
POST,2759
GET,281
GET,268
DELETE,350
GET,325
GET,254
GET,249
GET,270
GET,253
GET,243
GET,233
POST,1540
GET,363
POST,3037
GET,397
GET,360
GET,326
DELETE,593
GET,336
DELETE,358
GET,232
GET,218
GET,254
GET,311
GET,245
GET,245
GET,233
GET,294
DELETE,245
POST,2776
GET,291
GET,251
GET,318
GET,259
GET,202
GET,245
GET,241
GET,264
GET,256
DELETE,255
GET,315
GET,287
DELETE,220
GET,260
GET,253
GET,271
GET,214
GET,251
GET,312
GET,247
POST,2135
DELETE,282
GET,256
GET,599
POST,1476
GET,282
DELETE,256
GET,239
DELETE,258
DELETE,380
GET,341
GET,352
GET,455
GET,259
DELETE,517
GET,275
GET,377
GET,301
GET,220
GET,272
GET,267
GET,252
GET,215
DELETE,275
POST,3135
DELETE,290
DELETE,263
GET,226
GET,253
GET,258
GET,247
DELETE,254
GET,257
DELETE,264
GET,261
POST,3263
DELETE,272
GET,264
GET,262
GET,237
GET,231
GET,263
GET,244
GET,230
GET,417
POST,1863
GET,278
GET,247
POST,2145
DELETE,260
DELETE,243
DELETE,238
GET,204
GET,237
POST,2396
GET,253
GET,256
GET,237
GET,247
DELETE,277
GET,244
POST,1906
GET,240
GET,241
GET,256
GET,278
GET,260
GET,261
POST,1764
GET,258
DELETE,242
GET,251
GET,209
GET,226
GET,236
GET,251
GET,234
GET,228
GET,223
GET,234
POST,2385
GET,264
GET,255
GET,266
POST,1079
DELETE,235
DELETE,150
GET,219
GET,223
GET,220
GET,217
GET,213
GET,221
GET,246
POST,2264
GET,247
DELETE,250
GET,268
DELETE,246
GET,232
GET,233
GET,277
GET,216
GET,234
GET,249
GET,268
GET,241
GET,495
GET,265
GET,308
GET,256
GET,218
GET,455
GET,276
GET,249
DELETE,284
DELETE,209
POST,2302
GET,432
GET,245
GET,244
DELETE,599
GET,323
GET,245
GET,273
GET,199
GET,230
GET,241
GET,243
GET,226
GET,242
DELETE,245
GET,478
GET,319
POST,2774
GET,505
GET,334
GET,312
GET,316
GET,271
GET,244
GET,239
GET,227
DELETE,616
GET,363
GET,364
GET,292
GET,211
POST,2377
GET,437
GET,242
POST,1497
GET,391
GET,250
GET,253
DELETE,278
GET,255
GET,239
GET,255
DELETE,283
GET,271
GET,197
DELETE,191
GET,235
GET,284
GET,226
GET,285
GET,211
GET,299
GET,252
GET,251
GET,245
GET,302
GET,247
POST,1758
POST,3712
GET,452
POST,2971
GET,325
GET,262
DELETE,319
GET,232
GET,494
GET,370
POST,3090
GET,411
GET,287
GET,387
GET,366
GET,259
GET,276
GET,324
GET,269
GET,272
GET,245
GET,251
GET,450
GET,264
GET,242
GET,247
POST,2635
GET,316
GET,298
GET,224
GET,221
GET,223
DELETE,255
GET,291
GET,231
GET,437
DELETE,320
DELETE,202
GET,235
GET,324
POST,1393
DELETE,313
POST,3094
GET,359
GET,314
DELETE,769
GET,287
GET,244
POST,2915
GET,336
GET,265
GET,283
GET,249
GET,257
GET,269
POST,2771
POST,2880
GET,426
GET,341
POST,2590
GET,322
GET,218
GET,215
GET,230
GET,241
GET,241
GET,241
GET,301
GET,231
GET,228
GET,253
GET,264
GET,247
GET,252
POST,2645
GET,338
GET,245
GET,238
GET,253
GET,238
GET,231
GET,254
GET,260
GET,239
GET,299
GET,246
GET,527
GET,276
GET,239
GET,275
GET,207
GET,238
GET,302
GET,245
GET,243
GET,212
GET,241
GET,290
GET,198
GET,238
GET,305
GET,255
GET,248
GET,424
DELETE,470
GET,291
GET,272
DELETE,275
DELETE,610
GET,563
GET,259
DELETE,254
POST,2217
GET,375
GET,245
GET,507
GET,295
GET,241
GET,252
DELETE,274
GET,432
GET,293
GET,256
DELETE,241
GET,237
GET,252
POST,2546
GET,361
GET,242
GET,246
GET,248
GET,240
GET,239
GET,236
GET,397
GET,250
GET,240
GET,239
GET,193
GET,122
POST,2076
GET,413
GET,284
DELETE,206
DELETE,242
GET,261
DELETE,491
GET,275
GET,279
GET,339
POST,2261
GET,337
GET,284
GET,237
GET,251
GET,247
POST,1588
DELETE,298
GET,293
GET,254
GET,244
GET,206
GET,263
GET,585
GET,273
GET,235
GET,233
DELETE,240
GET,239
GET,255
GET,379
GET,221
GET,236
GET,245
GET,238
POST,2532
GET,397
GET,263
GET,258
GET,267
GET,253
POST,3220
GET,340
POST,2392
POST,2050
GET,304
GET,255
GET,259
GET,283
POST,3047
GET,340
GET,266
POST,1359
GET,289
GET,268
GET,257
GET,249
GET,231
GET,236
GET,246
GET,266
GET,238
POST,1281
DELETE,345
POST,2411
POST,1791
GET,336
POST,2868
GET,350
GET,322
GET,206
GET,234
GET,220
GET,487
GET,234
GET,238
DELETE,311
POST,3735
DELETE,577
GET,303
GET,250
POST,2396
DELETE,354
GET,259
POST,1381
GET,310
POST,1468
GET,515
GET,238
GET,234
GET,295
GET,225
GET,247
GET,245
GET,302
GET,236
DELETE,306
GET,253
GET,270
GET,216
GET,149
GET,350
GET,221
GET,242
GET,219
POST,2933
DELETE,543
DELETE,239
DELETE,254
GET,286
DELETE,478
DELETE,256
GET,289
GET,257
GET,257
POST,1314
GET,371
GET,447
GET,240
GET,261
GET,235
GET,431
GET,450
GET,255
GET,248
GET,221
GET,228
POST,3068
GET,366
DELETE,269
GET,287
DELETE,242
GET,215
GET,291
GET,325
DELETE,273
GET,263
GET,262
GET,274
GET,246
GET,260
GET,286
GET,368
GET,329
GET,256
POST,2365
GET,373
GET,259
DELETE,294
GET,243
GET,289
POST,1724
GET,319
DELETE,264
GET,244
GET,201
GET,222
GET,226
GET,249
GET,229
GET,226
GET,225
GET,229
GET,240
GET,196
GET,229
GET,243
GET,286
DELETE,247
GET,237
GET,248
GET,273
GET,221
POST,3535
GET,412
GET,263
GET,261
GET,255
GET,241
GET,204
GET,229
DELETE,237
GET,287
DELETE,218
GET,228
GET,238
GET,258
GET,225
DELETE,239
GET,230
GET,263
GET,241
GET,246
GET,219
GET,229
GET,255
GET,200
GET,234
POST,3593
GET,387
GET,222
GET,204
GET,234
GET,224
GET,231
DELETE,381
GET,293
GET,266
GET,240
DELETE,243
DELETE,420
POST,3515
GET,332
GET,254
GET,259
GET,329
GET,271
POST,2924
GET,343
GET,320
GET,237
GET,235
GET,249
DELETE,219
DELETE,240
GET,245
GET,250
GET,264
GET,241
GET,273
GET,253
POST,2336
POST,2568
DELETE,374
GET,248
GET,248
GET,250
GET,266
GET,239
GET,246
GET,237
GET,270
GET,243
POST,2159
GET,310
POST,1771
GET,279
GET,269
GET,522
GET,339
GET,1147
GET,289
GET,224
GET,346
GET,280
GET,253
GET,253
GET,243
GET,255
POST,1184
GET,297
DELETE,472
GET,265
GET,199
DELETE,186
GET,212
GET,206
GET,204
GET,195
GET,224
DELETE,213
POST,2687
DELETE,306
DELETE,514
GET,258
GET,265
GET,284
POST,3140
GET,295
GET,313
GET,307
DELETE,233
GET,223
GET,205
DELETE,470
GET,181
POST,1718
GET,317
POST,1525
GET,338
DELETE,244
GET,249
GET,235
DELETE,254
GET,228
DELETE,244
POST,3789
GET,335
GET,422
GET,351
GET,307
GET,241
GET,112
GET,244
GET,258
GET,272
GET,278
POST,2836
GET,288
GET,246
GET,257
GET,230
GET,222
GET,254
GET,266
GET,260
GET,244
GET,251
DELETE,470
DELETE,256
POST,2889
GET,258
GET,262
GET,292
GET,225
GET,243
GET,245
GET,295
GET,187
GET,227
GET,236
GET,545
GET,351
GET,310
DELETE,273
GET,229
GET,185
GET,234
GET,267
GET,231
GET,259
GET,259
POST,3447
POST,3211
POST,2217
DELETE,598
GET,312
GET,240
DELETE,260
GET,279
POST,2007
GET,265
GET,286
GET,282
GET,239
GET,255
GET,255
GET,304
GET,259
DELETE,255
GET,239
GET,289
GET,251
GET,250
GET,267
GET,261
GET,238
GET,232
POST,3125
GET,279
GET,416
GET,258
GET,414
GET,330
GET,241
GET,251
DELETE,263
GET,241
GET,239
POST,2473
GET,266
GET,239
DELETE,544
POST,1217
GET,251
GET,253
GET,288
GET,371
GET,273
GET,235
GET,257
GET,243
GET,258
GET,243
GET,616
GET,417
GET,265
DELETE,355
GET,242
GET,223
GET,255
GET,227
GET,217
GET,343
GET,391
GET,281
GET,272
POST,2264
GET,609
GET,318
GET,285
POST,3079
GET,271
GET,267
GET,232
GET,250
POST,2533
GET,335
DELETE,505
POST,2262
GET,320
GET,259
DELETE,510
DELETE,457
GET,279
GET,228
POST,2909
POST,2013
POST,2635
GET,422
GET,234
GET,254
DELETE,246
POST,1757
GET,376
GET,242
GET,232
GET,239
GET,196
GET,247
GET,224
GET,242
GET,239
GET,254
GET,205
GET,249
GET,362
POST,1975
GET,352
GET,1025
POST,1184
GET,256
GET,228
GET,216
GET,226
GET,228
GET,252
GET,253
GET,227
GET,234
GET,233
GET,239
DELETE,250
DELETE,213
DELETE,226
GET,237
GET,285
DELETE,239
GET,235
GET,234
GET,300
POST,3205
DELETE,333
GET,259
GET,365
GET,231
GET,184
DELETE,212
GET,251
GET,457
GET,233
GET,278
DELETE,201
GET,205
GET,190
GET,212
GET,252
GET,205
GET,213
DELETE,212
GET,232
GET,254
DELETE,243
GET,231
GET,260
DELETE,256
GET,403
GET,253
GET,291
GET,196
GET,203
GET,225
GET,233
GET,229
GET,227
GET,225
GET,232
GET,246
GET,226
GET,241
GET,253
GET,268
GET,235
GET,654
GET,444
DELETE,344
DELETE,658
GET,278
GET,286
GET,254
GET,197
GET,240
GET,245
DELETE,270
GET,207
GET,277
GET,234
GET,231
GET,198
GET,217
DELETE,225
GET,212
GET,258
GET,223
GET,221
DELETE,214
GET,248
GET,511
GET,208
GET,207
DELETE,260
GET,355
GET,266
POST,3416
POST,2274
GET,326
GET,305
GET,255
GET,249
GET,255
GET,274
GET,248
GET,255
GET,309
GET,313
GET,229
GET,216
GET,219
GET,312
POST,2563
GET,370
DELETE,372
GET,289
DELETE,542
GET,243
DELETE,304
GET,270
GET,268
GET,255
GET,256
POST,2844
POST,1516
POST,1510
GET,278
GET,304
GET,213
GET,934
GET,329
GET,259
GET,288
GET,236
POST,2778
GET,345
GET,415
GET,274
DELETE,285
DELETE,526
GET,278
GET,275
GET,267
POST,2082
POST,3412
GET,301
DELETE,264
GET,285
GET,288
GET,223
GET,240
GET,290
GET,267
GET,398
GET,222
POST,2703
GET,464
GET,209
DELETE,119
GET,347
GET,409
POST,2348
GET,361
GET,513
GET,282
GET,336
DELETE,254
GET,243
GET,236
GET,252
POST,3047
GET,318
GET,260
GET,244
GET,293
GET,252
GET,260
GET,478
GET,276
POST,1889
GET,378
GET,287
GET,252
GET,253
GET,244
GET,252
GET,346
GET,358
GET,242
GET,240
GET,233
DELETE,241
GET,230
GET,236
GET,411
POST,1683
DELETE,341
POST,2885
POST,2282
GET,339
DELETE,270
GET,237
GET,245
GET,240
GET,286
GET,221
POST,2423
POST,2538
GET,340
GET,253
GET,267
GET,236
GET,237
GET,244
POST,2120
GET,371
DELETE,256
GET,275
POST,2719
GET,586
GET,290
GET,257
GET,248
GET,287
POST,3073
GET,376
POST,2755
GET,340
GET,289
DELETE,281
GET,244
GET,297
GET,246
GET,270
DELETE,244
GET,254
GET,258
GET,273
GET,244
POST,2847
GET,341
GET,262
DELETE,267
GET,247
GET,251
GET,250
GET,295
DELETE,490
GET,296
POST,2337
GET,304
POST,2453
POST,1927
GET,378
DELETE,218
GET,246
DELETE,244
GET,259
GET,207
GET,244
GET,459
GET,268
POST,1344
GET,388
GET,240
GET,250
GET,379
GET,538
GET,330
POST,2944
POST,3262
GET,324
GET,487
GET,276
GET,231
GET,220
GET,236
GET,248
POST,2487
GET,329
GET,283
POST,1843
DELETE,309
DELETE,267
GET,251
GET,245
GET,257
GET,442
GET,308
GET,243
DELETE,251
DELETE,456
GET,269
GET,212
GET,223
GET,224
DELETE,240
DELETE,230
GET,232
DELETE,217
GET,232
GET,251
GET,197
GET,241
DELETE,243
GET,244
GET,242
GET,281
GET,265
GET,244
GET,242
GET,228
GET,250
POST,1986
GET,381
GET,326
GET,257
GET,242
GET,250
GET,445
GET,254
GET,274
GET,195
GET,251
GET,240
GET,283
GET,981
POST,1597
GET,315
GET,259
GET,239
GET,224
GET,232
GET,268
GET,205
GET,231
POST,1586
GET,303
GET,528
GET,316
POST,1629
GET,360
GET,249
DELETE,242
GET,252
DELETE,281
POST,2676
GET,374
GET,267
POST,3482
GET,325
GET,289
GET,269
DELETE,528
GET,249
GET,222
GET,445
GET,264
GET,231
GET,205
GET,200
GET,264
GET,267
GET,319
POST,2969
GET,278
GET,263
GET,256
POST,2816
GET,284
GET,262
GET,208
GET,270
GET,266
GET,259
GET,227
GET,247
GET,302
DELETE,259
GET,265
DELETE,250
GET,252
GET,247
GET,226
POST,2985
GET,285
GET,288
GET,553
GET,416
GET,291
POST,2838
GET,481
POST,3428
GET,307
GET,431
GET,272
GET,267
GET,233
GET,219
GET,222
GET,240
GET,224
GET,225
GET,210
GET,257
DELETE,258
GET,250
GET,240
GET,251
GET,367
GET,240
POST,1646
GET,249
DELETE,428
GET,302
GET,212
GET,345
GET,327
GET,277
GET,205
GET,243
GET,272
GET,266
GET,263
GET,247
GET,266
GET,250
GET,246
GET,243
GET,239
GET,487
POST,1721
GET,262
DELETE,239
GET,231
DELETE,269
GET,215
GET,220
GET,402
GET,231
GET,403
GET,251
POST,2457
GET,294
GET,315
GET,289
GET,255
GET,256
DELETE,250
GET,275
GET,256
GET,257
POST,2161
GET,309
GET,249
GET,246
GET,250
GET,440
GET,226
POST,2895
POST,230
POST,2633
GET,521
GET,314
DELETE,263
DELETE,222
GET,591
GET,290
GET,532
GET,1312
POST,3838
GET,409
POST,2726
GET,394
GET,303
GET,300
POST,2257
DELETE,336
DELETE,479
GET,270
GET,277
GET,332
GET,226
GET,252
DELETE,465
GET,273
GET,250
GET,245
GET,276
POST,2155
GET,318
POST,2221
DELETE,464
GET,281
GET,256
POST,1563
GET,352
GET,249
POST,3291
DELETE,336
GET,248
GET,257
GET,544
POST,2325
DELETE,397
GET,280
GET,249
GET,284
GET,440
GET,254
GET,240
GET,252
DELETE,416
GET,206
GET,272
GET,270
GET,221
GET,246
GET,250
GET,252
GET,294
GET,245
GET,288
GET,260
POST,1659
GET,311
POST,3048
GET,316
GET,236
GET,254
GET,212
GET,212
GET,210
POST,3174
GET,401
GET,273
GET,254
DELETE,267
GET,280
DELETE,436
GET,280
GET,259
POST,2952
POST,2582
GET,370
GET,261
GET,240
GET,227
GET,238
GET,213
GET,220
GET,232
GET,244
GET,457
GET,240
GET,218
GET,306
GET,245
DELETE,253
DELETE,253
GET,306
GET,203
GET,193
GET,415
GET,493
GET,309
DELETE,333
GET,244
DELETE,242
GET,245
DELETE,265
GET,249
GET,249
GET,253
GET,566
GET,271
DELETE,271
GET,263
GET,250
GET,258
GET,293
GET,256
GET,278
GET,253
GET,284
GET,255
DELETE,264
GET,248
GET,294
POST,3177
GET,355
GET,581
GET,227
GET,262
DELETE,473
GET,261
GET,259
GET,253
GET,353
GET,299
GET,246
GET,259
GET,245
POST,2212
GET,567
GET,273
DELETE,293
POST,2614
GET,292
GET,250
POST,2848
GET,283
DELETE,363
GET,265
GET,263
DELETE,267
GET,267
DELETE,256
GET,411
GET,308
POST,2241
GET,289
GET,259
GET,490
GET,262
GET,278
POST,3030
DELETE,336
GET,270
GET,419
GET,275
GET,247
GET,248
GET,440
POST,2948
GET,285
GET,268
POST,2032
POST,1524
GET,259
GET,246
GET,245
DELETE,288
GET,234
GET,233
GET,236
POST,1416
GET,261
GET,222
GET,239
GET,230
GET,238
GET,230
GET,440
POST,3042
GET,258
GET,257
GET,232
POST,1511
GET,276
GET,241
GET,292
GET,147
GET,152
GET,214
POST,1646
GET,308
POST,2175
DELETE,350
GET,249
GET,253
GET,480
GET,236
GET,243
GET,556
POST,1934
POST,3447
POST,1494
GET,284
GET,240
GET,377
GET,291
GET,227
GET,385
GET,267
GET,504
DELETE,454
DELETE,282
GET,354
GET,253
GET,424
GET,187
GET,252
GET,247
GET,356
GET,258
GET,263
GET,272
GET,249
GET,240
GET,240
GET,249
GET,386
GET,368
GET,308
GET,274
DELETE,312
POST,2170
GET,340
GET,395
GET,262
POST,2473
GET,428
GET,273
GET,469
DELETE,261
GET,242
DELETE,441
GET,261
GET,248
GET,261
GET,237
GET,304
GET,251
GET,271
POST,1777
GET,298
GET,373
GET,365
GET,390
GET,254
GET,339
GET,369
GET,275
GET,304
DELETE,268
GET,272
GET,253
GET,251
DELETE,565
GET,304
GET,255
GET,307
GET,278
GET,259
GET,254
GET,296
GET,248
GET,258
GET,241
GET,274
GET,486
GET,261
POST,2874
GET,368
GET,239
GET,221
GET,252
GET,282
GET,266
GET,228
GET,245
GET,267
GET,213
GET,153
GET,262
POST,1671
POST,3091
GET,278
POST,1712
DELETE,248
GET,522
GET,251
POST,1538
GET,270
GET,228
GET,389
GET,269
GET,218
POST,2256
GET,261
DELETE,285
POST,2200
GET,262
GET,235
DELETE,297
GET,232
GET,247
POST,1215
GET,264
GET,215
GET,218
GET,214
GET,213
DELETE,248
GET,436
GET,257
POST,2489
GET,409
GET,256
DELETE,260
GET,239
GET,247
GET,263
GET,312
GET,233
GET,407
GET,417
GET,240
GET,384
GET,279
DELETE,246
GET,297
GET,243
GET,254
DELETE,398
GET,259
POST,2801
GET,265
GET,266
GET,239
DELETE,249
GET,242
GET,275
DELETE,240
GET,229
DELETE,227
DELETE,747
GET,266
GET,270
GET,281
GET,232
GET,248
GET,514
GET,238
GET,393
DELETE,254
GET,237
GET,245
GET,219
GET,351
DELETE,386
GET,245
POST,1332
DELETE,246
DELETE,398
GET,285
GET,212
GET,246
POST,1331
GET,241
GET,363
GET,225
GET,225
GET,259
GET,231
GET,497
GET,302
DELETE,242
POST,2698
DELETE,267
GET,252
GET,242
GET,291
GET,207
GET,170
DELETE,482
GET,480
GET,229
GET,359
GET,312
GET,255
GET,247
GET,250
DELETE,417
GET,221
GET,432
GET,220
GET,304
GET,344
GET,244
GET,275
GET,257
GET,295
GET,252
GET,267
DELETE,599
DELETE,240
POST,2018
GET,270
GET,380
GET,221
POST,1498
GET,298
GET,379
GET,250
GET,329
GET,265
POST,1920
GET,264
POST,2727
GET,291
GET,302
GET,502
GET,386
GET,289
GET,259
GET,244
GET,256
GET,273
GET,254
POST,2637
GET,295
GET,258
GET,259
POST,1782
GET,273
GET,253
GET,293
GET,320
GET,254
GET,331
GET,246
DELETE,255
GET,249
DELETE,291
GET,286
DELETE,251
GET,253
GET,294
GET,263
GET,350
GET,327
GET,251
GET,307
GET,278
DELETE,270
GET,247
GET,295
GET,291
GET,247
GET,215
POST,3307
GET,363
GET,254
GET,263
DELETE,250
GET,279
GET,243
GET,252
GET,241
GET,313
GET,250
DELETE,253
GET,372
GET,262
DELETE,447
DELETE,237
DELETE,261
GET,389
GET,447
GET,202
GET,250
GET,398
GET,283
GET,263
GET,159
GET,336
GET,265
GET,271
GET,242
GET,246
GET,230
GET,227
GET,196
GET,252
GET,539
GET,317
GET,277
GET,229
GET,248
GET,248
GET,247
POST,1688
GET,343
GET,239
GET,234
GET,235
GET,251
GET,263
GET,219
GET,257
GET,228
GET,257
DELETE,260
GET,253
GET,250
GET,252
GET,213
GET,221
GET,241
GET,257
GET,224
DELETE,232
GET,251
GET,268
GET,246
GET,238
GET,244
GET,295
GET,253
GET,259
GET,241
GET,277
DELETE,251
GET,244
GET,254
GET,248
GET,247
GET,244
GET,255
GET,261
GET,305
GET,267
GET,266
GET,222
GET,242
GET,237
GET,246
GET,265
GET,251
GET,205
GET,244
GET,252
GET,247
GET,246
GET,244
GET,228
GET,250
GET,211
GET,219
GET,228
GET,244
DELETE,285
GET,204
GET,243
GET,255
DELETE,292
GET,235
GET,248
DELETE,224
GET,299
GET,261
DELETE,250
GET,277
GET,289
DELETE,277
GET,253
GET,256
GET,242
GET,231
GET,227
GET,273
GET,545
GET,319
GET,315
GET,196
GET,242
GET,270
GET,295
GET,248
GET,305
DELETE,272
GET,250
GET,251
GET,243
GET,264
GET,232
DELETE,191
GET,255
GET,189
GET,251
GET,206
GET,230
GET,228
POST,2064
GET,382
GET,251
GET,484
GET,263
POST,2006
GET,314
GET,235
GET,231
DELETE,265
GET,206
GET,224
DELETE,512
GET,238
GET,210
GET,244
GET,485
GET,247
GET,229
GET,228
POST,1717
GET,364
GET,280
GET,230
GET,259
GET,258
GET,285
GET,189
DELETE,563
GET,268
GET,252
GET,493
POST,2649
GET,364
GET,307
GET,216
GET,251
GET,314
GET,231
GET,232
GET,201
GET,233
GET,265
GET,232
GET,234
GET,239
GET,238
DELETE,197
GET,225
DELETE,230
DELETE,250
GET,342
GET,243
GET,248
POST,1975
GET,536
GET,269
GET,252
GET,423
GET,226
DELETE,250
GET,257
GET,254
GET,246
GET,252
GET,511
GET,244
DELETE,297
GET,249
GET,211
GET,225
GET,233
POST,1733
GET,327
POST,2754
GET,350
GET,284
GET,254
GET,239
GET,242
GET,256
GET,353
GET,208
GET,156
GET,385
GET,436
GET,474
GET,234
POST,3252
POST,2685
GET,349
GET,323
GET,253
GET,252
POST,2102
GET,512
POST,3417
GET,347
GET,268
GET,246
GET,238
POST,1639
DELETE,558
GET,303
GET,261
POST,2352
POST,2122
GET,440
GET,255
GET,442
POST,1926
GET,407
GET,266
GET,249
GET,253
GET,296
GET,237
GET,245
GET,282
GET,228
GET,229
POST,3284
GET,383
GET,452
GET,432
GET,314
GET,243
GET,255
GET,253
GET,248
GET,300
GET,254
GET,271
GET,244
GET,208
GET,244
GET,242
GET,244
GET,293
DELETE,254
GET,248
GET,250
GET,619
GET,396
POST,3284
GET,354
GET,280
GET,540
GET,307
GET,252
POST,1615
GET,367
GET,266
GET,214
GET,448
GET,271
DELETE,479
GET,252
GET,425
GET,255
GET,249
GET,485
POST,1524
GET,375
GET,251
DELETE,231
POST,2281
GET,499
GET,282
GET,596
GET,542
GET,484
GET,329
POST,3166
GET,415
DELETE,270
GET,263
GET,245
GET,266
GET,520
GET,325
GET,254
GET,239
GET,211
GET,140
POST,3398
GET,355
GET,291
GET,252
GET,237
GET,235
GET,558
GET,273
DELETE,237
GET,264
GET,226
GET,227
GET,242
GET,247
GET,464
GET,269
GET,245
GET,296
DELETE,493
GET,486
GET,438
DELETE,262
POST,3445
GET,350
POST,2165
GET,475
GET,258
GET,225
GET,239
GET,231
DELETE,196
POST,2682
GET,369
GET,275
GET,241
POST,2579
GET,429
POST,1688
DELETE,365
GET,294
GET,192
GET,227
POST,1576
GET,332
GET,238
GET,234
POST,2347
POST,2240
GET,385
GET,298
GET,237
GET,231
GET,242
GET,187
GET,5391
GET,843
GET,988
GET,1037
DELETE,1017
GET,2680
GET,309
GET,7066
GET,4958
GET,273
GET,282
POST,12354
DELETE,474
GET,365
GET,373
DELETE,278
GET,239
GET,247
DELETE,231
GET,225
GET,230
GET,241
DELETE,601
GET,342
GET,604
GET,343
GET,326
DELETE,214
GET,221
GET,253
DELETE,265
GET,248
GET,573
GET,522
GET,282
GET,238
GET,249
DELETE,231
GET,226
GET,253
GET,297
GET,237
GET,220
GET,257
GET,314
GET,174
GET,240
GET,340
GET,465
GET,435
DELETE,334
GET,257
GET,259
POST,2699
GET,346
GET,320
GET,446
DELETE,272
GET,319
GET,229
POST,2392
GET,394
GET,248
GET,252
GET,246
GET,503
GET,270
POST,1681
GET,299
GET,252
GET,265
GET,245
GET,411
GET,293
GET,226
GET,415
GET,270
GET,330
GET,238
GET,234
GET,491
GET,228
GET,253
GET,489
GET,242
GET,272
DELETE,253
GET,288
GET,202
DELETE,242
GET,249
GET,266
GET,247
GET,261
GET,243
GET,249
GET,251
DELETE,240
GET,249
GET,240
GET,438
GET,269
GET,335
GET,255
GET,239
POST,2372
GET,392
GET,254
GET,434
GET,303
GET,241
GET,242
GET,251
GET,288
GET,250
GET,240
GET,230
GET,283
GET,234
GET,241
GET,252
GET,249
GET,225
GET,181
GET,220
GET,229
POST,2153
GET,323
DELETE,253
GET,249
GET,482
GET,242
GET,262
DELETE,273
GET,239
POST,2921
GET,498
GET,340
GET,370
GET,263
GET,273
POST,1657
DELETE,335
GET,267
POST,2043
GET,319
GET,264
GET,162
DELETE,363
GET,293
DELETE,532
GET,243
GET,248
GET,257
GET,269
GET,215
DELETE,514
POST,2456
GET,368
GET,515
GET,278
DELETE,268
GET,279
GET,467
GET,260
GET,293
POST,1779
GET,434
GET,492
GET,310
GET,292
GET,220
GET,247
GET,258
GET,262
GET,225
GET,289
GET,231
POST,2512
GET,338
POST,2607
GET,363
DELETE,299
GET,259
GET,213
GET,243
DELETE,243
GET,255
GET,225
GET,236
GET,643
GET,333
GET,243
GET,281
GET,227
GET,215
DELETE,233
GET,264
GET,236
GET,190
DELETE,229
GET,239
POST,1333
GET,263
GET,248
POST,3180
GET,363
GET,607
GET,463
GET,472
DELETE,354
GET,241
DELETE,254
DELETE,241
DELETE,277
GET,204
POST,1790
GET,293
GET,253
GET,207
GET,248
GET,556
GET,276
GET,281
GET,199
GET,251
POST,3165
DELETE,472
GET,291
GET,233
POST,3249
GET,406
GET,276
GET,241
GET,279
GET,240
GET,239
GET,243
GET,275
GET,291
POST,1694
DELETE,326
GET,272
GET,252
GET,259
GET,254
GET,248
GET,209
GET,201
GET,238
DELETE,255
GET,239
GET,248
GET,231
GET,233
GET,234
GET,260
DELETE,552
GET,344
GET,321
GET,269
GET,268
GET,279
GET,229
GET,224
GET,232
GET,239
GET,245
GET,193
DELETE,234
POST,1525
GET,302
GET,222
GET,554
POST,2314
DELETE,334
GET,301
DELETE,268
GET,249
GET,246
DELETE,289
GET,236
POST,2796
GET,321
GET,266
GET,614
DELETE,260
GET,232
GET,260
GET,228
GET,218
GET,232
GET,248
GET,317
GET,248
GET,243
GET,232
DELETE,302
GET,194
GET,444
POST,3177
GET,319
GET,315
GET,221
GET,213
DELETE,230
POST,1302
GET,328
GET,579
POST,2171
GET,345
GET,257
GET,443
GET,229
GET,445
DELETE,403
DELETE,483
POST,2103
GET,511
GET,573
GET,256
GET,413
GET,265
GET,220
GET,238
GET,266
GET,250
GET,242
GET,238
GET,271
GET,251
GET,205
GET,242
GET,244
GET,271
GET,301
GET,244
GET,249
GET,271
DELETE,287
DELETE,248
GET,245
GET,329
GET,256
GET,236
GET,267
GET,300
DELETE,492
DELETE,261
GET,344
GET,438
GET,243
POST,2005
GET,379
GET,261
GET,279
GET,198
GET,228
GET,223
GET,247
GET,215
GET,216
GET,219
GET,233
DELETE,231
GET,186
GET,220
DELETE,528
GET,267
POST,1340
GET,306
DELETE,293
GET,477
GET,229
GET,246
GET,248
GET,243
GET,251
GET,263
GET,227
GET,304
GET,248
GET,266
POST,1857
GET,361
DELETE,260
POST,2317
GET,356
POST,2502
GET,411
GET,233
GET,239
DELETE,250
GET,283
GET,231
GET,247
GET,536
GET,248
GET,216
GET,249
GET,261
GET,250
GET,248
GET,251
GET,649
GET,347
GET,310
GET,212
DELETE,226
GET,251
GET,245
GET,266
GET,222
GET,256
GET,243
GET,265
POST,1542
GET,381
GET,235
GET,213
GET,249
GET,241
GET,262
GET,209
GET,489
GET,318
GET,226
DELETE,261
GET,271
GET,279
GET,239
GET,257
GET,544
POST,1732
GET,345
GET,238
GET,238
GET,223
GET,244
GET,214
GET,231
POST,3253
DELETE,406
GET,264
GET,242
GET,242
GET,273
GET,626
GET,351
GET,210
GET,180
GET,263
GET,277
GET,206
GET,251
DELETE,253
GET,296
GET,234
DELETE,243
GET,247
GET,288
DELETE,235
GET,233
POST,3106
GET,549
GET,250
GET,257
GET,325
GET,239
GET,252
GET,380
GET,397
GET,373
GET,253
GET,384
GET,218
GET,238
GET,260
GET,254
GET,238
GET,244
DELETE,250
GET,249
GET,217
GET,245
GET,249
GET,277
GET,303
GET,249
GET,236
GET,282
GET,213
DELETE,219
GET,233
GET,268
DELETE,224
DELETE,230
GET,226
GET,232
GET,238
GET,235
GET,189
GET,253
GET,256
POST,2666
GET,289
GET,253
GET,220
GET,249
GET,260
GET,256
POST,1165
GET,243
GET,217
GET,237
GET,211
GET,219
GET,233
GET,224
DELETE,224
DELETE,200
GET,225
GET,356
DELETE,253
GET,232
GET,246
GET,243
GET,288
GET,245
GET,243
GET,250
GET,293
GET,236
GET,251
GET,246
GET,280
GET,219
GET,238
GET,542
GET,306
GET,245
GET,258
GET,262
GET,283
GET,242
GET,231
DELETE,282
GET,287
DELETE,248
GET,254
GET,193
GET,258
GET,591
GET,231
GET,253
GET,251
DELETE,309
DELETE,263
GET,242
GET,247
POST,2489
POST,2016
GET,266
GET,251
GET,318
POST,1664
POST,2952
DELETE,363
GET,261
GET,263
GET,255
GET,336
GET,275
GET,400
GET,345
GET,511
GET,277
GET,255
POST,3122
GET,414
DELETE,269
POST,1819
GET,336
DELETE,236
GET,247
GET,238
GET,280
GET,226
GET,240
GET,240
GET,300
GET,233
POST,1467
GET,305
GET,373
DELETE,287
POST,2913
GET,306
POST,2257
DELETE,460
GET,272
GET,297
GET,242
GET,244
DELETE,247
GET,415
GET,251
GET,248
GET,288
DELETE,236
GET,237
DELETE,250
GET,280
DELETE,202
GET,232
DELETE,249
POST,1481
GET,256
GET,229
GET,409
GET,326
GET,253
POST,1425
GET,262
GET,231
GET,226
GET,249
GET,240
GET,229
GET,375
GET,432
GET,264
GET,356
DELETE,282
POST,2602
GET,592
GET,275
DELETE,474
GET,364
GET,382
GET,224
GET,229
GET,448
GET,268
GET,248
GET,204
GET,221
GET,224
GET,248
GET,167
GET,366
GET,184
GET,241
GET,319
GET,267
GET,314
GET,241
GET,231
GET,232
GET,282
GET,190
GET,213
GET,221
POST,2527
GET,356
GET,265
GET,291
GET,255
GET,247
GET,256
GET,292
GET,478
POST,2054
GET,336
GET,274
GET,200
GET,242
GET,247
GET,286
GET,237
GET,244
GET,250
DELETE,476
GET,220
GET,227
GET,228
DELETE,251
GET,195
GET,213
POST,3391
GET,337
GET,269
GET,258
GET,289
GET,232
GET,244
GET,251
DELETE,295
GET,246
GET,253
GET,246
GET,523
GET,274
DELETE,242
GET,284
DELETE,240
GET,245
GET,235
GET,500
GET,281
GET,240
GET,316
GET,238
GET,252
GET,257
GET,292
GET,248
GET,218
GET,253
DELETE,289
DELETE,298
GET,490
GET,344
GET,264
GET,259
GET,236
GET,267
GET,228
GET,252
GET,255
GET,251
GET,217
GET,233
GET,235
GET,272
GET,233
POST,2595
GET,365
GET,264
GET,244
GET,266
GET,270
DELETE,450
GET,235
POST,2373
GET,339
GET,222
GET,315
GET,420
POST,2291
GET,393
GET,237
GET,230
GET,252
POST,2854
GET,363
DELETE,267
GET,234
GET,256
POST,1312
GET,292
GET,613
POST,3248
GET,356
GET,286
GET,281
GET,501
GET,322
GET,249
GET,223
GET,250
GET,282
GET,253
DELETE,525
GET,316
GET,456
GET,268
GET,268
DELETE,248
GET,252
GET,617
GET,296
GET,258
GET,301
GET,264
GET,248
GET,248
GET,308
DELETE,219
DELETE,267
GET,219
GET,309
GET,259
GET,264
GET,215
GET,297
GET,257
GET,257
GET,266
GET,467
GET,269
GET,264
GET,260
GET,248
POST,3498
GET,391
GET,226
GET,242
GET,228
GET,238
GET,197
GET,424
POST,2890
DELETE,338
GET,286
GET,200
GET,240
GET,496
GET,265
POST,1357
POST,1593
GET,264
GET,229
GET,249
GET,234
GET,204
GET,222
GET,218
GET,240
GET,175
GET,226
GET,226
GET,296
GET,264
GET,200
GET,180
GET,226
POST,3557
DELETE,359
GET,311
GET,238
GET,225
GET,257
GET,283
GET,265
GET,211
GET,262
GET,595
GET,258
GET,258
GET,302
DELETE,239
GET,247
GET,248
GET,510
GET,295
GET,332
GET,247
POST,3017
GET,330
GET,511
GET,262
GET,430
GET,321
GET,424
GET,251
GET,413
GET,429
GET,310
GET,245
GET,234
DELETE,242
GET,234
GET,249
GET,226
GET,236
GET,237
GET,279
GET,204
GET,225
DELETE,227
GET,222
DELETE,234
GET,237
GET,233
GET,467
DELETE,261
GET,228
GET,229
GET,245
DELETE,225
GET,237
GET,239
GET,265
GET,250
POST,3025
GET,340
GET,277
GET,276
GET,254
GET,254
POST,2104
GET,395
DELETE,517
GET,278
GET,272
GET,304
GET,406
DELETE,333
POST,1764
GET,340
POST,3021
GET,327
GET,637
POST,1857
GET,322
GET,245
POST,3156
GET,327
GET,275
GET,259
GET,252
GET,302
GET,311
GET,257
GET,260
DELETE,262
GET,471
GET,284
GET,271
GET,247
GET,299
GET,252
DELETE,259
DELETE,247
DELETE,257
DELETE,250
GET,255
GET,237
GET,314
GET,259
GET,258
GET,411
GET,243
GET,282
GET,254
GET,435
GET,362
GET,247
GET,248
GET,246
GET,274
GET,237
GET,253
GET,198
GET,355
GET,330
GET,205
GET,250
GET,215
GET,513
GET,301
GET,245
GET,382
GET,260
POST,1240
GET,183
POST,10715
GET,536
POST,13636
GET,2475
GET,510
GET,5286
GET,1783
GET,5099
GET,340
GET,662
GET,1045
GET,969
GET,1014
POST,17035
GET,5261
GET,767
POST,9223
GET,498
DELETE,492
DELETE,923
GET,949
GET,909
GET,4301
GET,329
GET,241
POST,3001
GET,282
GET,265
GET,270
GET,278
GET,267
GET,258
POST,1844
GET,284
POST,2153
GET,282
POST,1893
GET,282
GET,411
POST,1558
GET,257
GET,231
GET,422
GET,268
GET,283
DELETE,264
GET,281
GET,263
GET,276
GET,490
GET,271
GET,303
POST,2479
DELETE,334
GET,266
GET,513
GET,246
GET,248
POST,2281
GET,269
GET,6883
GET,1195
GET,333
GET,246
GET,208
GET,382
GET,638
GET,5284
GET,723
GET,11022
GET,5110
GET,886
POST,17014
GET,657
POST,17517
DELETE,2561
GET,346
GET,5542
GET,499
GET,3271
DELETE,266
GET,301
GET,5504
GET,734
GET,5013
GET,998
GET,5284
GET,741
GET,937
GET,268
GET,885
DELETE,5192
GET,887
GET,5165
GET,815
GET,5213
GET,854
POST,12012
GET,2104
GET,904
POST,6990
GET,5187
POST,10856
GET,5254
GET,786
GET,5980
GET,5598
GET,468
POST,15494
GET,568
GET,490
GET,4860
GET,720
GET,1053
GET,966
POST,9060
GET,456
GET,384
POST,10545
POST,3495
GET,328
GET,251
POST,2256
GET,334
GET,261
GET,251
GET,276
GET,233
GET,235
GET,251
DELETE,269
POST,3148
GET,311
DELETE,259
GET,264
GET,250
GET,240
POST,1672
GET,315
GET,511
GET,288
GET,231
GET,238
DELETE,256
DELETE,236
POST,2150
POST,1909
GET,322
GET,487
GET,272
GET,239
DELETE,547
DELETE,257
POST,2766
GET,296
GET,282
GET,259
GET,278
GET,485
GET,280
GET,274
GET,265
GET,635
GET,289
GET,275
GET,475
DELETE,285
GET,294
DELETE,254
GET,277
GET,260
POST,2798
GET,291
GET,286
GET,750
GET,286
GET,256
GET,244
GET,548
GET,223
GET,219
GET,215
GET,212
GET,206
GET,209
GET,208
GET,216
GET,213
GET,214
GET,169
DELETE,118
GET,445
GET,274
DELETE,258
GET,240
GET,271
GET,263
POST,3492
DELETE,421
GET,255
GET,252
GET,237
GET,258
GET,224
GET,234
GET,249
GET,270
POST,2207
DELETE,618
DELETE,340
GET,238
GET,388
GET,448
GET,253
GET,205
GET,266
POST,2261
GET,327
GET,233
GET,262
GET,236
GET,229
GET,224
GET,251
GET,251
GET,229
GET,217
DELETE,527
POST,2694
GET,364
GET,240
GET,389
GET,469
GET,262
GET,258
GET,284
GET,223
DELETE,248
GET,245
GET,494
POST,1929
POST,1549
GET,352
GET,231
DELETE,227
POST,2149
GET,367
GET,266
GET,240
GET,245
GET,261
GET,240
GET,207
GET,214
GET,218
GET,228
DELETE,294
GET,212
GET,242
GET,258
GET,238
POST,2256
GET,325
DELETE,274
POST,2650
POST,4050
GET,419
GET,300
DELETE,612
GET,501
DELETE,271
POST,2168
GET,331
GET,242
POST,1889
GET,329
GET,281
GET,242
GET,299
POST,2090
GET,356
POST,1179
POST,2922
GET,348
GET,247
GET,232
GET,540
GET,457
GET,342
POST,1988
POST,267
GET,156
GET,473
GET,254
DELETE,253
GET,279
GET,225
POST,2387
GET,435
GET,268
GET,245
GET,297
GET,273
GET,251
POST,1347
GET,379
GET,214
DELETE,228
GET,222
GET,213
GET,237
GET,217
GET,221
GET,226
GET,261
GET,195
GET,245
GET,561
GET,250
GET,227
GET,558
GET,277
GET,239
POST,8803
GET,349
GET,250
DELETE,261
DELETE,252
POST,4279
GET,433
GET,460
GET,273
GET,443
GET,286
GET,706
GET,443
GET,272
POST,3282
GET,341
GET,281
GET,279
GET,946
DELETE,380
POST,2814
GET,324
GET,247
GET,272
GET,577
GET,334
GET,252
GET,228
GET,239
GET,563
DELETE,274
GET,244
GET,233
DELETE,260
GET,239
GET,238
GET,243
GET,299
GET,239
POST,2896
DELETE,319
GET,264
GET,308
GET,323
GET,265
GET,344
POST,1472
GET,313
DELETE,557
GET,351
GET,227
GET,319
GET,271
GET,254
GET,491
GET,268
GET,251
GET,245
GET,274
GET,222
GET,298
GET,250
GET,536
GET,246
GET,234
DELETE,279
GET,214
POST,2444
GET,326
GET,195
POST,2447
DELETE,305
GET,250
GET,244
DELETE,482
GET,415
GET,250
POST,2852
GET,499
POST,2778
POST,2816
GET,567
DELETE,322
GET,298
GET,577
GET,255
GET,245
DELETE,314
GET,395
GET,221
GET,270
POST,2650
GET,277
DELETE,507
GET,557
GET,277
GET,484
GET,393
GET,236
GET,263
GET,251
POST,1807
GET,471
GET,228
GET,223
GET,200
GET,249
GET,388
GET,327
GET,273
GET,276
GET,224
GET,430
GET,457
POST,3454
GET,320
GET,262
GET,260
GET,251
GET,296
GET,283
GET,254
GET,256
GET,412
GET,265
DELETE,516
GET,234
GET,270
GET,257
DELETE,564
GET,270
GET,262
GET,405
POST,2008
GET,317
GET,449
GET,283
GET,216
GET,266
DELETE,307
GET,203
GET,233
GET,246
GET,266
GET,244
POST,3048
GET,271
POST,2405
GET,290
DELETE,255
GET,402
POST,2599
GET,269
GET,287
GET,272
GET,262
GET,329
GET,283
GET,264
GET,261
GET,260
POST,2539
GET,270
GET,428
GET,257
POST,1570
GET,269
GET,243
DELETE,242
DELETE,194
POST,2256
GET,473
GET,295
GET,309
GET,586
GET,248
GET,233
GET,226
GET,226
GET,464
GET,559
GET,288
DELETE,327
GET,520
GET,277
GET,387
GET,282
GET,251
GET,241
DELETE,256
POST,3533
GET,401
GET,507
GET,267
DELETE,245
GET,220
GET,337
DELETE,524
GET,285
POST,2465
GET,298
DELETE,503
GET,280
GET,212
GET,449
GET,359
GET,457
GET,235
DELETE,241
GET,252
POST,3084
GET,312
GET,258
GET,241
GET,254
DELETE,273
POST,3282
GET,335
GET,542
GET,325
GET,243
DELETE,259
DELETE,447
GET,268
GET,268
GET,285
GET,220
POST,1448
GET,328
GET,215
GET,210
GET,474
GET,273
GET,213
GET,482
GET,265
GET,237
GET,443
GET,279
DELETE,261
GET,222
GET,226
DELETE,328
GET,386
GET,479
GET,233
GET,274
GET,652
GET,274
DELETE,609
DELETE,244
GET,400
GET,443
POST,2692
GET,352
GET,258
GET,251
GET,272
GET,239
GET,250
POST,2589
DELETE,320
GET,212
GET,648
GET,251
DELETE,240
GET,293
GET,285
GET,269
DELETE,232
DELETE,247
GET,265
DELETE,215
GET,225
GET,230
GET,225
POST,1644
GET,375
GET,235
GET,222
GET,233
GET,263
GET,250
GET,290
DELETE,254
GET,279
GET,482
GET,244
GET,245
GET,219
GET,231
GET,228
GET,244
GET,226
GET,229
POST,2826
GET,483
GET,306
GET,243
POST,1183
DELETE,258
POST,2893
GET,378
GET,250
GET,303
POST,3406
GET,364
GET,265
DELETE,262
GET,283
GET,458
GET,231
GET,266
GET,243
POST,2009
GET,621
GET,293
GET,221
GET,224
GET,230
GET,258
GET,431
GET,318
GET,326
GET,258
DELETE,251
GET,252
GET,285
GET,487
GET,416
GET,259
GET,264
POST,2987
GET,272
GET,236
DELETE,413
POST,3311
GET,574
GET,217
GET,225
GET,250
GET,408
GET,250
GET,247
GET,249
POST,2882
DELETE,534
GET,448
GET,281
GET,226
POST,2866
GET,327
GET,262
GET,501
GET,228
GET,232
GET,386
GET,469
POST,2115
GET,396
GET,252
GET,240
GET,247
GET,279
GET,256
GET,246
GET,245
DELETE,518
GET,267
GET,237
GET,292
GET,219
GET,182
GET,224
GET,249
GET,348
GET,214
GET,228
GET,233
GET,180
GET,257
DELETE,307
GET,267
GET,194
DELETE,223
GET,215
GET,255
GET,207
POST,3516
GET,574
DELETE,273
GET,250
GET,282
GET,305
GET,246
POST,2521
GET,274
DELETE,257
GET,276
GET,252
GET,239
GET,414
GET,283
GET,261
GET,259
GET,254
DELETE,317
GET,235
POST,2400
GET,312
GET,238
DELETE,247
GET,293
GET,426
GET,221
GET,207
GET,221
POST,3122
GET,415
DELETE,260
DELETE,262
DELETE,260
GET,260
GET,248
GET,567
GET,211
GET,226
GET,251
POST,3117
GET,266
GET,249
GET,242
GET,289
GET,216
DELETE,239
POST,1226
POST,2929
GET,261
GET,273
GET,678
DELETE,288
GET,383
GET,259
DELETE,240
GET,232
GET,225
GET,227
GET,222
DELETE,259
POST,1465
GET,259
GET,310
DELETE,215
GET,225
GET,230
GET,230
POST,2070
GET,436
GET,206
GET,382
GET,183
GET,211
GET,202
GET,401
GET,249
GET,253
GET,248
GET,291
GET,218
GET,383
POST,1829
GET,248
GET,189
GET,288
GET,387
GET,551
GET,275
GET,243
GET,237
GET,210
GET,218
GET,211
GET,506
POST,3337
GET,360
POST,2711
GET,1399
GET,347
GET,266
GET,628
GET,233
GET,239
GET,239
DELETE,256
DELETE,232
POST,1967
POST,1493
GET,398
GET,268
GET,210
GET,208
DELETE,198
GET,222
GET,213
GET,206
GET,211
GET,244
GET,395
DELETE,252
GET,348
GET,219
GET,248
GET,248
GET,267
GET,561
DELETE,366
POST,1564
GET,467
GET,515
GET,190
GET,495
GET,212
POST,2413
GET,396
GET,243
GET,246
GET,240
GET,281
GET,204
GET,214
GET,229
DELETE,286
GET,263
GET,217
DELETE,252
DELETE,253
GET,220
GET,551
POST,2448
POST,2305
GET,337
GET,255
GET,220
DELETE,226
DELETE,463
GET,299
GET,255
GET,241
GET,234
GET,246
GET,582
DELETE,595
DELETE,412
GET,239
GET,265
GET,247
GET,220
GET,256
GET,1173
GET,717
GET,340
GET,235
DELETE,426
GET,305
GET,261
GET,199
GET,232
GET,240
GET,229
DELETE,223
GET,234
GET,233
GET,278
GET,179
GET,231
GET,362
GET,241
GET,209
DELETE,219
GET,230
GET,190
DELETE,222
DELETE,223
DELETE,226
GET,230
GET,220
POST,1516
GET,333
GET,437
GET,242
GET,459
GET,233
GET,241
GET,234
GET,254
GET,241
GET,231
GET,235
GET,422
GET,256
GET,257
DELETE,245
POST,2029
POST,3092
POST,3255
GET,348
POST,2190
POST,2413
GET,337
GET,251
GET,246
GET,506
GET,266
GET,217
GET,228
GET,490
POST,4689
POST,1484
GET,527
DELETE,459
POST,1956
GET,342
POST,2593
DELETE,349
GET,279
GET,408
GET,259
POST,3221
GET,353
GET,477
GET,387
GET,259
GET,263
POST,1943
GET,263
GET,249
GET,426
GET,439
GET,241
GET,187
GET,220
GET,493
GET,270
POST,2903
POST,2794
GET,337
GET,260
GET,207
GET,485
DELETE,267
GET,237
DELETE,280
GET,238
GET,226
GET,229
POST,2514
GET,572
GET,328
GET,259
GET,247
GET,250
GET,268
DELETE,476
GET,796
POST,3231
GET,357
GET,297
POST,3218
GET,377
DELETE,521
GET,686
GET,292
DELETE,258
DELETE,250
DELETE,274
GET,198
GET,280
GET,240
GET,596
GET,254
DELETE,283
GET,288
GET,274
GET,260
GET,544
GET,484
POST,2892
GET,330
GET,241
POST,3501
GET,354
GET,490
GET,282
GET,266
GET,424
POST,2906
GET,342
GET,268
GET,259
GET,252
GET,259
DELETE,251
POST,3430
GET,989
GET,334
POST,2149
GET,381
GET,251
GET,254
GET,256
GET,251
GET,244
POST,2506
GET,683
DELETE,316
GET,277
GET,507
GET,280
GET,247
GET,238
GET,236
GET,293
GET,248
GET,241
GET,240
GET,236
GET,1399
GET,336
GET,600
POST,2585
GET,378
POST,1491
GET,317
GET,342
POST,2842
GET,344
DELETE,327
GET,561
POST,2473
POST,1508
GET,328
GET,425
POST,3112
GET,351
GET,561
GET,295
GET,867
GET,538
GET,430
GET,467
GET,233
GET,243
GET,266
GET,214
GET,245
GET,243
GET,248
GET,231
GET,240
POST,1657
GET,310
GET,520
GET,297
GET,240
GET,235
POST,3101
GET,317
POST,2570
POST,3469
GET,527
GET,473
GET,298
GET,269
GET,529
GET,249
GET,204
GET,259
GET,467
GET,468
GET,342
GET,263
GET,425
GET,302
GET,296
GET,261
GET,292
POST,2471
GET,292
GET,370
GET,269
GET,246
POST,1956
GET,455
GET,366
GET,264
GET,371
GET,225
GET,490
GET,452
GET,396
GET,263
GET,386
GET,372
GET,262
DELETE,1407
GET,296
GET,618
GET,392
GET,601
GET,347
DELETE,322
GET,280
GET,262
GET,406
GET,236
GET,247
GET,370
GET,421
GET,276
GET,219
POST,1872
GET,280
GET,249
GET,278
GET,657
GET,401
GET,254
GET,251
GET,252
GET,277
GET,255
GET,239
DELETE,251
GET,636
GET,399
GET,268
GET,229
GET,342
GET,626
GET,336
GET,264
GET,386
GET,261
GET,515
GET,276
GET,376
GET,435
GET,384
GET,223
GET,382
GET,372
GET,268
GET,255
GET,262
GET,244
GET,253
GET,421
GET,258
GET,253
GET,257
GET,422
POST,3056
POST,1778
GET,356
GET,310
GET,287
POST,3006
DELETE,353
DELETE,881
GET,219
GET,223
GET,485
GET,274
GET,258
GET,242
POST,3287
GET,265
GET,150
GET,280
GET,316
GET,247
GET,395
GET,264
POST,1563
POST,4038
GET,311
DELETE,473
GET,492
GET,605
DELETE,455
GET,248
GET,259
POST,3151
POST,1643
POST,2139
GET,267
GET,266
DELETE,255
DELETE,225
GET,250
GET,656
GET,328
GET,268
GET,271
GET,403
GET,381
GET,279
DELETE,219
GET,247
GET,255
DELETE,275
POST,3250
GET,383
GET,342
GET,247
GET,280
GET,269
POST,1348
GET,402
GET,217
GET,261
POST,1781
GET,441
DELETE,264
DELETE,300
GET,276
GET,364
GET,211
GET,263
GET,798
GET,346
GET,549
GET,751
GET,344
GET,370
GET,323
GET,491
GET,341
GET,294
POST,3696
GET,313
GET,297
POST,3432
GET,337
GET,484
POST,3223
POST,1386
DELETE,253
POST,1329
POST,2081
GET,405
GET,218
GET,343
GET,1212
GET,187
GET,268
POST,1437
GET,331
DELETE,302
GET,314
GET,290
GET,263
GET,267
GET,279
GET,240
GET,253
GET,282
GET,256
DELETE,260
GET,260
GET,279
GET,271
GET,204
GET,195
GET,217
GET,456
GET,322
GET,282
GET,286
GET,421
GET,340
GET,265
GET,422
GET,291
POST,2171
GET,497
GET,264
GET,268
GET,361
GET,340
GET,296
GET,228
GET,330
POST,2848
POST,1427
GET,335
GET,246
GET,593
GET,331
GET,240
GET,254
GET,430
GET,211
GET,225
GET,532
POST,2343
GET,352
GET,511
GET,300
POST,2168
GET,372
GET,210
GET,244
GET,227
GET,225
GET,202
GET,240
GET,253
GET,343
GET,206
GET,246
GET,256
GET,295
POST,2678
POST,2566
GET,342
GET,547
GET,250
GET,229
GET,222
GET,247
GET,193
GET,431
GET,293
GET,217
GET,234
GET,661
GET,521
GET,261
GET,280
GET,419
DELETE,266
GET,322
GET,227
DELETE,553
GET,498
GET,319
GET,439
GET,1006
GET,334
GET,253
POST,2740
GET,345
GET,494
GET,239
GET,262
GET,280
GET,253
GET,223
DELETE,278
POST,2108
GET,373
GET,254
DELETE,237
DELETE,297
GET,260
GET,236
GET,582
GET,269
GET,226
GET,241
POST,3081
GET,409
GET,267
GET,259
DELETE,579
GET,275
GET,229
GET,217
GET,257
GET,315
GET,1325
GET,341
GET,264
GET,542
GET,268
GET,306
DELETE,264
GET,228
GET,221
DELETE,245
GET,253
GET,247
GET,244
GET,306
GET,575
GET,308
GET,561
GET,242
GET,254
GET,242
GET,281
GET,220
GET,245
DELETE,260
GET,279
GET,240
GET,261
DELETE,254
POST,4096
GET,382
POST,3342
GET,402
GET,276
DELETE,225
GET,214
GET,225
GET,583
DELETE,677
GET,298
DELETE,262
GET,254
GET,242
GET,229
GET,231
POST,3094
GET,362
POST,1827
GET,333
GET,508
GET,527
GET,285
GET,249
POST,1675
GET,499
DELETE,324
GET,280
GET,1111
DELETE,523
GET,249
GET,242
GET,240
GET,262
GET,223
GET,237
GET,285
GET,270
GET,512
GET,287
GET,271
GET,217
POST,2411
GET,412
GET,210
GET,209
GET,211
DELETE,230
GET,514
GET,596
GET,613
POST,2026
GET,283
DELETE,283
GET,297
GET,262
GET,470
GET,247
GET,205
GET,235
DELETE,245
GET,496
GET,280
GET,244
GET,229
DELETE,253
GET,244
GET,250
GET,241
GET,234
GET,253
GET,254
GET,347
GET,702
GET,386
GET,419
DELETE,318
GET,270
POST,1688
GET,411
DELETE,251
GET,310
GET,480
GET,308
GET,284
GET,249
GET,255
GET,254
GET,276
GET,221
GET,232
DELETE,467
GET,247
GET,249
GET,424
DELETE,271
GET,384
GET,348
GET,247
GET,208
GET,413
GET,323
GET,183
GET,226
GET,215
GET,246
GET,374
GET,313
GET,682
GET,327
GET,577
GET,257
POST,1361
GET,278
DELETE,247
GET,230
GET,236
GET,246
DELETE,235
GET,229
GET,223
GET,221
POST,1858
GET,436
GET,188
DELETE,228
GET,222
GET,233
GET,243
GET,671
DELETE,346
GET,258
DELETE,241
GET,276
GET,391
GET,341
GET,275
POST,3252
GET,280
GET,268
GET,288
GET,297
GET,266
DELETE,260
GET,289
DELETE,281
GET,268
GET,254
GET,281
GET,247
DELETE,243
GET,241
GET,304
POST,1346
GET,249
DELETE,231
GET,240
GET,183
GET,219
DELETE,216
GET,244
GET,237
GET,365
GET,226
POST,3174
DELETE,469
GET,263
GET,278
GET,421
GET,261
GET,262
GET,315
GET,297
GET,339
GET,300
DELETE,510
GET,289
GET,264
GET,228
GET,301
GET,262
GET,245
GET,483
GET,333
POST,2578
GET,350
GET,272
GET,223
POST,1759
GET,477
GET,208
DELETE,278
POST,2778
GET,471
GET,374
GET,334
GET,279
GET,151
GET,230
GET,221
DELETE,243
GET,200
GET,218
GET,550
GET,269
GET,267
GET,254
GET,285
GET,242
GET,461
GET,348
GET,267
GET,231
GET,253
GET,544
GET,307
GET,296
DELETE,256
GET,245
GET,246
GET,261
DELETE,251
GET,232
GET,259
GET,251
GET,268
POST,2964
GET,578
GET,326
GET,262
GET,192
GET,218
POST,2138
GET,408
GET,512
GET,271
GET,237
GET,222
GET,225
GET,224
GET,259
GET,214
GET,439
GET,320
GET,221
GET,225
GET,244
DELETE,264
DELETE,539
GET,312
GET,284
GET,221
GET,209
GET,255
GET,263
DELETE,1230
GET,300
DELETE,268
GET,256
GET,253
GET,291
DELETE,239
GET,591
GET,320
GET,252
DELETE,363
GET,466
GET,289
POST,3213
GET,314
GET,320
GET,268
GET,219
POST,2919
DELETE,702
GET,327
GET,610
DELETE,270
GET,223
DELETE,434
POST,2306
GET,329
DELETE,416
GET,428
POST,1494
GET,351
GET,474
GET,282
GET,443
GET,579
GET,307
GET,512
GET,243
GET,238
GET,202
POST,1946
DELETE,337
DELETE,547
GET,250
GET,648
DELETE,223
GET,427
GET,262
GET,253
POST,2929
GET,273
POST,3020
GET,319
GET,241
GET,289
GET,212
GET,255
DELETE,258
GET,264
GET,232
GET,243
GET,605
DELETE,605
GET,346
GET,254
DELETE,269
GET,477
GET,218
GET,235
GET,234
GET,269
GET,208
GET,221
GET,491
DELETE,296
GET,263
GET,261
POST,2990
GET,461
GET,234
GET,246
GET,560
GET,205
DELETE,531
DELETE,274
GET,562
GET,441
GET,236
DELETE,222
GET,570
DELETE,257
GET,212
DELETE,223
GET,237
GET,175
DELETE,480
GET,265
GET,212
POST,1801
GET,352
DELETE,248
GET,551
GET,237
POST,1281
GET,319
GET,297
GET,220
GET,254
GET,256
POST,3881
GET,298
GET,227
GET,210
DELETE,227
GET,219
GET,225
GET,210
GET,210
GET,169
GET,287
GET,350
GET,292
GET,277
GET,248
GET,250
GET,256
POST,2255
GET,346
GET,235
GET,224
GET,530
GET,283
GET,319
POST,1773
GET,404
POST,3180
GET,368
POST,1491
GET,319
GET,243
GET,233
GET,245
GET,228
GET,523
GET,335
GET,236
GET,245
GET,268
GET,252
GET,244
GET,254
POST,2768
GET,345
POST,1920
GET,392
GET,437
GET,616
GET,435
GET,490
GET,274
GET,380
GET,249
POST,1893
GET,397
GET,223
DELETE,254
GET,233
GET,249
GET,231
GET,215
GET,219
GET,227
GET,236
GET,203
GET,222
GET,222
GET,275
GET,220
GET,215
GET,221
GET,507
GET,447
GET,293
POST,2093
DELETE,291
GET,249
GET,249
GET,260
GET,242
GET,545
DELETE,503
GET,269
POST,3497
POST,3226
GET,349
GET,488
DELETE,296
GET,224
GET,224
GET,231
GET,419
GET,272
GET,273
GET,490
GET,472
GET,408
GET,390
GET,311
GET,418
POST,2428
POST,1889
GET,403
GET,432
GET,470
GET,259
GET,228
GET,253
GET,276
POST,3082
POST,265
GET,195
GET,632
GET,292
GET,256
GET,262
GET,235
GET,304
GET,251
GET,478
DELETE,255
DELETE,242
GET,252
POST,1960
DELETE,327
GET,233
GET,228
GET,481
GET,457
GET,299
POST,1323
GET,334
GET,230
GET,225
GET,1078
GET,328
GET,237
GET,247
GET,228
DELETE,233
DELETE,191
GET,227
GET,427
GET,308
POST,3531
GET,324
GET,268
GET,226
DELETE,245
GET,213
POST,2446
GET,725
GET,566
GET,299
GET,243
GET,235
GET,247
GET,257
GET,215
POST,3331
GET,593
GET,299
GET,261
GET,262
GET,246
GET,933
GET,257
GET,260
GET,265
POST,2164
GET,342
GET,253
DELETE,273
GET,248
GET,501
GET,475
GET,281
GET,452
POST,1527
GET,476
DELETE,515
DELETE,254
DELETE,302
GET,226
POST,1843
POST,2312
POST,3459
POST,2584
GET,351
GET,284
GET,232
DELETE,465
DELETE,514
GET,248
GET,272
GET,528
DELETE,247
DELETE,247
GET,248
GET,262
GET,612
GET,288
GET,209
GET,232
POST,3676
GET,313
GET,224
GET,242
GET,487
GET,234
DELETE,270
DELETE,231
DELETE,124
DELETE,198
POST,3695
DELETE,366
GET,276
GET,558
GET,333
GET,276
POST,1750
GET,357
DELETE,295
GET,436
POST,1632
GET,300
GET,238
GET,441
GET,259
DELETE,543
GET,295
DELETE,257
GET,281
GET,253
GET,267
GET,552
GET,271
GET,232
POST,1380
GET,271
GET,213
GET,219
GET,183
GET,279
GET,515
GET,297
GET,297
GET,204
GET,216
GET,188
POST,3017
GET,396
GET,452
GET,292
GET,291
GET,257
GET,258
GET,256
GET,277
GET,227
GET,254
DELETE,259
GET,416
GET,280
GET,235
GET,256
GET,252
GET,216
GET,237
GET,241
GET,264
GET,459
GET,251
GET,342
GET,266
DELETE,247
DELETE,260
GET,242
GET,247
GET,245
GET,250
GET,248
GET,215
GET,260
GET,265
GET,248
DELETE,576
GET,382
GET,245
GET,427
GET,330
POST,3979
GET,429
DELETE,358
GET,594
GET,393
GET,323
GET,260
GET,279
DELETE,267
GET,486
GET,185
GET,212
GET,550
GET,331
GET,225
GET,225
GET,240
GET,220
DELETE,232
GET,560
DELETE,256
DELETE,218
GET,157
GET,317
GET,271
GET,263
GET,282
POST,2915
GET,342
POST,2775
GET,323
GET,275
DELETE,251
GET,305
GET,251
GET,253
GET,262
GET,266
DELETE,240
GET,6122
DELETE,5062
POST,3273
GET,537
GET,274
GET,260
GET,254
GET,255
GET,254
GET,220
GET,250
GET,276
GET,226
DELETE,669
POST,2944
GET,383
DELETE,241
GET,235
GET,220
GET,214
GET,232
GET,269
GET,267
GET,291
GET,242
DELETE,267
GET,427
GET,245
GET,250
GET,308
GET,243
GET,247
GET,248
GET,276
GET,221
GET,244
GET,253
GET,346
GET,241
DELETE,241
GET,286
GET,275
GET,257
DELETE,237
GET,249
POST,2531
GET,371
GET,259
GET,255
GET,401
GET,303
GET,243
GET,377
GET,230
GET,265
GET,256
GET,220
GET,259
GET,500
DELETE,469
GET,281
GET,264
GET,244
GET,238
DELETE,255
DELETE,428
POST,3177
GET,365
GET,562
GET,272
GET,238
GET,230
GET,225
GET,219
GET,224
GET,270
GET,214
GET,214
GET,213
GET,423
GET,268
GET,462
GET,302
GET,217
DELETE,174
GET,474
GET,573
GET,313
GET,249
GET,250
DELETE,346
GET,243
GET,222
GET,251
GET,244
GET,250
GET,261
GET,245
GET,251
GET,262
GET,245
GET,240
POST,1819
GET,317
DELETE,543
DELETE,246
GET,220
GET,216
POST,2778
GET,378
POST,2730
DELETE,412
GET,290
GET,247
GET,258
GET,318
GET,383
GET,268
GET,361
GET,266
GET,253
GET,262
GET,266
GET,317
GET,254
GET,268
GET,428
GET,349
GET,288
POST,2738
DELETE,378
GET,254
POST,3562
GET,335
GET,253
GET,247
GET,269
GET,249
GET,264
GET,256
GET,401
GET,260
GET,247
GET,270
GET,252
GET,248
GET,248
GET,225
GET,279
GET,242
POST,2623
POST,2930
GET,379
GET,258
GET,250
GET,269
GET,249
GET,246
GET,312
GET,272
GET,303
POST,2285
GET,357
POST,1647
GET,371
GET,278
GET,216
GET,277
GET,271
GET,658
GET,817
GET,307
POST,1370
GET,292
GET,248
GET,426
GET,997
GET,428
GET,772
DELETE,391
GET,251
GET,262
GET,301
GET,677
GET,262
GET,245
GET,334
GET,299
GET,448
GET,291
GET,239
GET,247
GET,257
GET,487
GET,249
GET,574
GET,466
GET,291
POST,1707
GET,347
GET,280
GET,487
GET,278
GET,312
POST,3448
GET,393
DELETE,223
GET,229
GET,231
GET,294
GET,552
DELETE,530
GET,460
POST,2680
GET,318
GET,269
GET,270
DELETE,570
GET,550
GET,284
GET,285
POST,1577
GET,317
DELETE,571
GET,244
GET,232
GET,230
GET,510
GET,241
GET,235
POST,3582
GET,639
POST,3349
POST,3125
GET,354
GET,310
GET,449
GET,268
GET,310
DELETE,268
GET,238
POST,2376
POST,2196
GET,321
GET,246
DELETE,595
GET,264
DELETE,439
GET,320
GET,222
GET,297
GET,244
GET,254
GET,244
GET,245
GET,1171
GET,623
DELETE,292
GET,285
GET,243
GET,233
POST,3463
GET,388
GET,238
DELETE,255
GET,488
GET,259
GET,248
POST,3524
GET,350
GET,328
GET,413
GET,250
GET,256
GET,425
GET,264
GET,218
GET,225
GET,226
POST,2127
GET,315
GET,273
GET,255
GET,249
GET,232
GET,174
GET,293
POST,3388
GET,443
GET,220
GET,201
GET,226
GET,543
GET,562
DELETE,375
DELETE,467
GET,622
POST,1503
GET,397
DELETE,266
GET,230
DELETE,592
GET,436
GET,337
GET,281
GET,255
GET,255
GET,549
GET,432
GET,282
GET,261
GET,281
GET,256
GET,541
GET,275
GET,225
GET,239
DELETE,243
POST,2889
GET,547
GET,359
DELETE,295
GET,423
GET,439
GET,285
GET,251
GET,246
POST,1691
GET,312
GET,303
GET,245
DELETE,240
GET,253
GET,275
GET,248
DELETE,254
POST,2218
GET,702
GET,336
DELETE,597
GET,420
GET,272
GET,275
GET,263
GET,257
GET,259
GET,498
POST,2084
DELETE,678
GET,266
POST,1302
GET,503
GET,295
GET,246
GET,252
POST,2999
GET,343
POST,1386
POST,3149
GET,322
GET,496
GET,564
GET,446
GET,322
GET,250
GET,261
DELETE,533
GET,205
POST,3071
GET,519
GET,348
DELETE,249
GET,249
GET,282
GET,233
GET,241
GET,249
GET,252
GET,301
GET,246
DELETE,589
GET,240
GET,224
POST,1973
GET,325
GET,508
GET,213
DELETE,240
GET,435
GET,284
POST,3358
GET,393
GET,263
GET,253
GET,353
DELETE,355
GET,257
GET,276
GET,242
GET,927
POST,1574
GET,742
GET,581
GET,306
GET,269
GET,254
DELETE,324
GET,272
GET,253
GET,446
GET,269
DELETE,476
POST,1298
GET,245
GET,360
GET,256
GET,227
GET,208
GET,230
GET,221
GET,263
GET,224
GET,222
GET,223
POST,1604
GET,370
GET,342
POST,2319
DELETE,302
GET,900
GET,400
GET,217
GET,294
GET,247
GET,258
GET,276
GET,403
POST,2231
DELETE,487
GET,258
GET,249
GET,420
GET,192
GET,243
GET,547
GET,252
DELETE,250
GET,243
GET,418
GET,477
GET,541
DELETE,298
GET,274
GET,372
POST,2674
GET,367
GET,323
DELETE,595
GET,486
GET,281
GET,517
GET,272
DELETE,283
GET,234
GET,258
DELETE,248
GET,262
GET,266
GET,408
DELETE,196
GET,245
GET,228
GET,212
GET,213
GET,402
GET,306
GET,365
GET,348
GET,259
GET,266
GET,254
GET,303
GET,260
GET,260
GET,282
GET,302
GET,224
GET,226
GET,242
GET,309
GET,254
POST,1758
GET,301
DELETE,446
GET,255
GET,206
DELETE,181
GET,212
GET,421
GET,274
GET,251
GET,270
GET,248
POST,1306
GET,548
DELETE,919
GET,652
GET,546
GET,291
DELETE,257
DELETE,248
GET,245
GET,234
GET,234
GET,241
GET,264
GET,242
GET,229
GET,244
GET,261
GET,237
DELETE,244
GET,252
GET,253
POST,1874
POST,3248
DELETE,317
GET,238
DELETE,228
GET,454
POST,2137
GET,296
GET,236
GET,323
GET,251
GET,254
GET,225
GET,204
GET,180
GET,233
GET,240
GET,239
POST,3123
GET,484
DELETE,250
GET,279
GET,253
POST,3237
GET,370
POST,2738
DELETE,407
GET,248
GET,272
GET,324
GET,256
DELETE,241
GET,530
GET,280
GET,250
POST,1793
GET,440
GET,295
GET,349
GET,236
GET,213
GET,219
GET,218
GET,356
POST,2846
GET,327
GET,327
GET,242
GET,257
GET,493
GET,374
GET,395
GET,292
DELETE,192
GET,209
GET,205
DELETE,511
GET,197
GET,192
GET,218
GET,389
GET,229
GET,242
GET,568
GET,193
DELETE,406
GET,285
GET,410
GET,234
GET,370
GET,252
POST,1712
GET,312
GET,245
GET,242
POST,1478
GET,487
GET,344
GET,269
GET,513
GET,296
DELETE,228
GET,199
GET,240
GET,275
GET,214
POST,2030
GET,322
POST,2465
POST,1751
GET,538
GET,281
GET,371
GET,874
GET,309
GET,223
GET,239
GET,547
GET,256
GET,218
POST,1732
GET,312
DELETE,520
POST,2047
GET,334
GET,245
GET,495
GET,254
GET,257
GET,427
GET,397
GET,219
GET,223
GET,223
GET,215
GET,217
GET,222
GET,429
GET,402
GET,304
GET,1045
POST,1360
GET,208
GET,215
GET,210
GET,237
GET,218
GET,213
GET,211
GET,477
POST,1680
GET,314
GET,450
POST,3264
GET,326
GET,266
DELETE,218
GET,235
DELETE,212
GET,176
GET,433
GET,290
GET,394
GET,425
DELETE,516
POST,1646
DELETE,287
GET,257
GET,243
GET,278
GET,202
GET,562
DELETE,384
GET,272
GET,248
GET,250
GET,253
GET,252
GET,571
DELETE,268
GET,208
GET,235
GET,239
POST,2677
GET,602
GET,175
DELETE,108
GET,315
DELETE,237
GET,233
GET,166
POST,1913
GET,264
GET,295
GET,245
GET,222
GET,234
GET,284
GET,246
GET,226
GET,250
GET,243
DELETE,244
GET,229
POST,1310
GET,238
GET,226
GET,405
GET,257
GET,277
GET,212
GET,238
GET,245
GET,254
GET,212
GET,235
GET,236
GET,244
GET,223
GET,189
GET,208
GET,215
GET,225
GET,200
GET,192
GET,212
GET,393
GET,258
DELETE,232
GET,295
DELETE,241
GET,265
GET,235
GET,232
GET,240
GET,258
GET,219
GET,291
GET,241
GET,266
GET,492
GET,237
GET,281
GET,229
GET,338
GET,399
GET,266
GET,274
DELETE,470
GET,236
GET,246
GET,260
GET,284
GET,260
GET,238
GET,208
GET,524
GET,258
GET,253
GET,303
GET,233
GET,217
GET,249
GET,272
GET,358
GET,247
GET,264
POST,3978
GET,402
POST,2994
GET,561
GET,284
GET,258
DELETE,260
GET,557
GET,394
GET,238
GET,247
GET,227
GET,349
POST,1669
GET,273
GET,251
POST,1394
POST,1698
GET,304
GET,184
GET,345
GET,460
GET,592
GET,376
DELETE,467
GET,537
GET,268
GET,253
GET,296
GET,299
POST,2901
GET,531
POST,1476
GET,478
POST,2077
GET,403
GET,580
GET,292
GET,272
GET,199
GET,621
GET,249
POST,3642
GET,326
GET,450
GET,273
GET,413
GET,341
GET,475
POST,1604
DELETE,378
GET,263
GET,248
GET,231
GET,283
GET,618
GET,505
GET,260
GET,221
GET,271
GET,258
POST,3813
GET,437
POST,2753
DELETE,578
GET,300
GET,229
GET,211
DELETE,492
GET,270
DELETE,202
DELETE,231
GET,220
POST,2917
GET,393
GET,213
GET,229
POST,1631
GET,300
GET,265
GET,533
GET,223
GET,405
GET,339
GET,221
GET,231
GET,250
GET,508
POST,2355
GET,549
POST,2687
GET,331
GET,249
GET,243
GET,355
GET,222
GET,236
GET,218
GET,265
GET,709
GET,390
GET,240
GET,235
GET,246
DELETE,270
GET,256
POST,2079
GET,372
DELETE,289
GET,243
GET,270
GET,636
GET,239
GET,254
DELETE,253
GET,290
DELETE,245
GET,257
GET,593
GET,259
GET,276
GET,246
GET,267
GET,568
GET,386
GET,238
GET,391
POST,2019
GET,271
GET,240
GET,395
GET,310
GET,239
GET,390
GET,245
POST,3085
GET,270
GET,409
GET,263
GET,251
GET,249
GET,243
DELETE,240
GET,269
GET,215
GET,381
GET,246
GET,240
GET,360
GET,222
GET,258
GET,187
GET,378
POST,1240
GET,289
GET,160
GET,217
GET,373
GET,291
GET,239
POST,1485
GET,405
GET,238
DELETE,222
POST,1673
GET,244
GET,233
GET,376
POST,1355
GET,289
GET,245
GET,226
POST,1810
GET,260
POST,2805
GET,269
GET,240
GET,216
GET,427
DELETE,239
GET,223
GET,247
GET,262
GET,247
GET,558
GET,441
GET,271
GET,308
GET,276
GET,234
GET,246
POST,2383
GET,398
GET,369
GET,289
GET,361
GET,238
GET,237
GET,233
GET,330
GET,215
DELETE,244
DELETE,430
GET,342
GET,287
GET,262
GET,230
GET,244
GET,264
GET,256
POST,2856
GET,278
GET,409
GET,253
DELETE,441
GET,255
GET,272
GET,253
GET,184
POST,2351
GET,266
GET,187
GET,229
GET,458
GET,908
GET,335
GET,527
GET,382
POST,2787
DELETE,398
GET,283
GET,235
DELETE,569
GET,278
POST,1502
POST,2721
GET,401
POST,2851
GET,525
GET,278
GET,272
DELETE,198
GET,204
GET,209
GET,215
GET,244
GET,247
DELETE,603
GET,270
DELETE,246
GET,245
GET,248
DELETE,251
GET,254
GET,253
GET,539
GET,258
GET,254
GET,252
GET,231
GET,222
DELETE,251
GET,247
GET,504
GET,267
POST,2608
POST,2348
GET,565
GET,271
GET,291
GET,277
GET,229
GET,230
GET,257
DELETE,952
GET,291
GET,411
GET,242
GET,214
DELETE,238
GET,209
GET,214
GET,630
GET,433
GET,417
GET,351
GET,255
POST,2801
GET,351
GET,252
DELETE,284
GET,236
POST,3935
DELETE,382
GET,253
GET,455
GET,229
GET,267
GET,282
GET,255
GET,246
GET,249
GET,262
GET,494
GET,628
GET,267
GET,256
GET,254
GET,253
GET,240
GET,466
DELETE,392
DELETE,256
GET,248
GET,278
GET,259
GET,237
GET,238
GET,263
GET,234
POST,2740
DELETE,346
GET,184
GET,470
GET,313
GET,386
GET,408
GET,273
DELETE,258
GET,262
GET,271
POST,2478
GET,270
GET,236
GET,349
POST,3010
GET,292
GET,283
GET,240
GET,254
GET,258
GET,248
GET,397
GET,239
GET,261
DELETE,376
GET,331
DELETE,240
GET,287
GET,243
POST,1915
GET,419
GET,411
POST,1759
GET,696
GET,458
GET,294
DELETE,463
GET,287
DELETE,434
GET,259
GET,265
DELETE,219
POST,3513
GET,291
GET,263
GET,278
POST,1250
GET,246
GET,338
GET,252
GET,203
GET,357
POST,1986
GET,258
GET,302
DELETE,222
GET,247
GET,236
GET,420
GET,234
GET,214
GET,219
GET,244
GET,350
GET,225
GET,220
GET,264
GET,224
POST,3725
GET,445
GET,271
GET,271
GET,260
GET,223
GET,238
GET,282
GET,264
GET,193
GET,210
GET,402
GET,261
POST,2702
GET,261
GET,265
GET,257
GET,240
GET,248
POST,3254
GET,376
GET,276
DELETE,268
GET,734
GET,840
GET,412
GET,493
GET,285
GET,219
DELETE,217
POST,2351
GET,286
GET,229
GET,215
GET,170
GET,227
GET,218
POST,3528
GET,363
GET,268
POST,2311
GET,342
GET,238
GET,250
GET,261
GET,249
GET,174
GET,221
POST,2158
GET,712
DELETE,266
GET,327
GET,586
POST,2600
GET,331
GET,261
GET,581
GET,249
GET,243
GET,270
POST,2850
POST,2910
POST,1543
GET,291
DELETE,234
DELETE,522
POST,3127
GET,363
GET,464
GET,313
GET,232
POST,2980
GET,400
GET,445
GET,250
GET,407
GET,210
GET,298
GET,269
GET,226
GET,240
GET,256
GET,259
GET,234
POST,3287
GET,349
DELETE,305
GET,203
GET,234
GET,243
GET,273
GET,247
GET,1378
GET,301
GET,246
GET,296
GET,265
GET,287
DELETE,208
GET,242
POST,2450
GET,343
GET,243
POST,1959
POST,2722
DELETE,362
GET,721
DELETE,306
GET,270
GET,323
GET,382
GET,238
GET,226
GET,230
POST,2187
GET,452
GET,319
DELETE,247
DELETE,479
GET,299
GET,236
GET,415
GET,391
GET,233
GET,237
GET,220
GET,288
POST,2994
DELETE,587
GET,338
GET,450
POST,2232
GET,375
GET,251
GET,222
GET,171
GET,202
GET,393
GET,271
GET,482
GET,395
GET,275
GET,260
GET,235
GET,241
GET,254
GET,589
GET,310
GET,231
GET,495
GET,588
GET,308
GET,265
GET,243
GET,279
POST,3308
GET,595
GET,281
DELETE,256
GET,259
GET,534
GET,266
GET,248
GET,287
DELETE,404
GET,240
GET,246
GET,271
DELETE,223
GET,241
GET,236
GET,508
POST,2548
GET,351
GET,255
GET,246
DELETE,229
GET,251
GET,220
DELETE,515
GET,270
GET,236
GET,630
DELETE,470
GET,266
DELETE,247
DELETE,260
GET,229
GET,230
GET,210
GET,565
GET,313
GET,246
GET,236
POST,2900
GET,322
GET,327
GET,228
GET,256
GET,213
GET,220
DELETE,219
GET,529
GET,300
GET,199
POST,2623
DELETE,324
GET,280
GET,267
GET,242
GET,251
GET,290
GET,220
GET,239
GET,254
GET,256
GET,261
POST,2648
GET,449
GET,336
DELETE,610
GET,280
GET,248
GET,253
GET,256
GET,217
GET,244
GET,240
GET,500
GET,284
GET,248
GET,256
GET,247
GET,467
GET,365
GET,215
GET,214
GET,208
GET,323
GET,269
DELETE,491
GET,372
GET,315
GET,281
POST,1535
GET,274
GET,232
GET,418
GET,265
DELETE,233
DELETE,425
GET,306
GET,278
GET,253
GET,217
POST,1591
POST,2801
GET,290
GET,305
GET,404
GET,415
GET,258
GET,249
GET,244
GET,262
GET,306
GET,258
POST,2270
GET,268
GET,234
GET,217
GET,239
GET,261
GET,208
DELETE,242
GET,235
GET,446
GET,190
GET,361
GET,495
GET,374
GET,234
GET,230
GET,224
GET,222
GET,367
GET,239
POST,2059
GET,1142
GET,245
DELETE,259
POST,2067
POST,1850
GET,258
GET,271
GET,234
DELETE,231
GET,240
POST,2399
GET,323
GET,255
GET,405
GET,218
DELETE,212
GET,219
GET,260
GET,196
GET,203
POST,2310
GET,262
GET,244
GET,452
GET,255
GET,377
GET,368
GET,192
GET,247
GET,192
POST,2884
GET,268
GET,393
GET,413
DELETE,221
GET,227
GET,230
POST,2307
GET,272
GET,251
GET,260
POST,1897
GET,275
GET,247
POST,1553
GET,265
GET,237
DELETE,237
GET,240
GET,269
GET,516
DELETE,482
DELETE,205
GET,220
GET,566
GET,281
GET,606
GET,600
GET,266
GET,244
GET,534
GET,433
GET,217
GET,218
GET,222
GET,225
GET,455
GET,271
GET,258
GET,486
GET,241
GET,217
GET,381
GET,196
GET,221
GET,222
GET,237
GET,224
GET,217
GET,228
GET,259
GET,265
GET,228
DELETE,210
GET,235
GET,242
GET,237
GET,336
GET,272
GET,235
GET,278
GET,211
GET,240
GET,243
GET,210
GET,232
GET,232
GET,269
POST,3505
GET,349
POST,2489
GET,356
GET,252
GET,265
GET,301
GET,237
GET,294
GET,208
GET,215
GET,253
GET,247
GET,260
GET,267
GET,234
GET,223
DELETE,626
DELETE,334
GET,374
GET,257
GET,251
GET,258
GET,614
DELETE,325
GET,314
GET,237
POST,1853
GET,341
GET,258
GET,289
GET,217
GET,226
GET,253
GET,367
GET,229
GET,244
GET,249
GET,302
GET,217
GET,232
GET,252
GET,269
DELETE,1166
GET,269
DELETE,254
GET,301
POST,2323
GET,337
GET,231
GET,252
GET,462
GET,209
POST,2600
GET,621
GET,461
GET,303
GET,282
GET,235
DELETE,236
GET,243
GET,299
GET,211
GET,1453
POST,2937
GET,344
GET,255
GET,232
DELETE,231
DELETE,226
GET,347
GET,244
GET,255
DELETE,271
DELETE,251
GET,241
GET,615
GET,275
GET,263
POST,3376
GET,326
GET,263
DELETE,249
GET,304
GET,256
GET,253
GET,270
POST,2156
GET,327
GET,252
GET,533
GET,222
GET,221
GET,476
GET,256
GET,407
GET,572
GET,247
GET,216
GET,253
GET,1285
GET,427
GET,218
POST,2027
GET,353
POST,1919
GET,322
GET,252
GET,266
GET,460
POST,2319
GET,311
GET,254
GET,303
GET,257
GET,260
GET,257
POST,2698
DELETE,336
GET,228
POST,2288
GET,389
GET,256
GET,233
GET,247
GET,225
GET,235
GET,188
DELETE,234
GET,233
GET,235
GET,547
GET,456
GET,295
POST,3629
DELETE,287
GET,272
GET,246
GET,235
GET,432
DELETE,219
GET,283
GET,251
DELETE,234
POST,2576
GET,357
GET,233
GET,246
POST,2455
GET,350
GET,290
GET,299
GET,250
GET,268
GET,212
GET,206
GET,189
POST,1567
GET,313
POST,2324
GET,377
GET,257
GET,494
GET,367
DELETE,472
GET,214
GET,229
GET,216
GET,231
GET,241
GET,244
GET,232
GET,244
DELETE,226
GET,235
DELETE,255
GET,559
GET,475
GET,971
GET,470
GET,375
GET,214
GET,197
GET,210
GET,233
DELETE,240
GET,414
GET,255
GET,232
GET,271
GET,202
GET,209
POST,1323
GET,413
GET,225
POST,3491
POST,2204
GET,332
POST,1491
DELETE,313
GET,413
DELETE,284
GET,259
GET,242
DELETE,455
POST,3280
POST,3534
GET,434
GET,274
GET,259
GET,255
GET,262
GET,254
POST,1832
GET,294
GET,460
DELETE,323
GET,236
GET,186
GET,220
GET,446
GET,248
GET,243
DELETE,240
GET,234
GET,241
GET,222
POST,1588
GET,295
DELETE,547
GET,257
GET,188
GET,227
GET,221
GET,225
GET,212
DELETE,228
DELETE,216
GET,208
GET,219
GET,209
DELETE,276
GET,226
GET,233
POST,3224
GET,541
GET,279
GET,207
GET,225
GET,223
GET,312
GET,418
GET,566
GET,240
GET,160
DELETE,136
POST,2383
GET,321
GET,595
GET,233
DELETE,253
GET,255
GET,293
GET,272
GET,633
GET,267
GET,228
GET,252
GET,271
GET,249
GET,213
GET,388
GET,279
GET,425
POST,2186
GET,402
GET,242
GET,208
GET,223
POST,2043
GET,389
GET,254
GET,231
GET,237
GET,252
DELETE,236
POST,2567
POST,2577
POST,3297
GET,535
GET,349
POST,2958
GET,363
GET,259
GET,408
GET,225
GET,299
GET,220
GET,240
POST,3158
GET,399
DELETE,270
GET,243
GET,246
GET,493
POST,1422
GET,542
GET,252
GET,460
GET,277
GET,269
GET,242
GET,259
GET,248
GET,241
GET,302
GET,1138
DELETE,360
GET,258
GET,553
GET,219
DELETE,239
POST,2666
GET,482
GET,287
GET,407
GET,254
GET,464
GET,231
GET,212
GET,471
GET,312
GET,205
GET,188
GET,603
POST,1472
GET,363
GET,228
GET,447
GET,256
DELETE,550
GET,264
POST,3190
GET,337
POST,2834
GET,479
GET,217
GET,266
GET,219
GET,206
GET,182
GET,220
GET,248
GET,202
GET,204
GET,210
GET,159
GET,216
GET,382
GET,240
GET,299
GET,216
GET,425
DELETE,269
DELETE,264
GET,229
GET,237
DELETE,521
GET,253
DELETE,264
GET,263
DELETE,253
GET,448
GET,246
GET,287
GET,192
GET,255
GET,253
GET,293
GET,520
GET,489
GET,209
GET,208
GET,239
DELETE,1022
GET,248
GET,226
GET,246
GET,241
DELETE,477
GET,271
GET,236
GET,248
DELETE,251
GET,226
GET,225
GET,246
GET,468
POST,2321
GET,375
GET,252
GET,208
GET,376
GET,323
DELETE,265
GET,565
GET,301
POST,2380
GET,309
GET,330
GET,239
GET,247
GET,261
GET,251
GET,241
DELETE,518
GET,256
GET,190
DELETE,205
DELETE,481
GET,282
GET,236
GET,263
GET,270
GET,228
GET,177
GET,221
GET,240
DELETE,449
DELETE,230
POST,1319
GET,494
DELETE,281
GET,283
GET,366
GET,235
GET,254
GET,269
GET,235
GET,232
GET,289
GET,245
DELETE,234
GET,220
GET,246
GET,259
DELETE,250
POST,1390
GET,303
DELETE,249
DELETE,208
GET,219
GET,241
GET,230
POST,1738
GET,388
GET,206
DELETE,357
DELETE,275
GET,472
GET,248
GET,249
GET,226
GET,207
GET,220
GET,470
GET,240
GET,483
GET,269
GET,184
GET,230
GET,245
GET,251
GET,209
GET,450
GET,2190
GET,1227
GET,1046
GET,315
GET,264
GET,236
GET,237
GET,322
GET,279
GET,342
POST,2005
DELETE,570
GET,320
GET,279
GET,308
GET,325
GET,294
GET,262
GET,432
GET,276
GET,217
GET,240
GET,241
GET,350
POST,2748
GET,303
GET,268
GET,250
DELETE,2085
GET,423
GET,650
GET,356
GET,6387
GET,2347
GET,659
GET,368
POST,3301
GET,294
GET,248
GET,261
GET,418
GET,251
GET,245
GET,437
GET,197
GET,373
GET,273
GET,236
GET,243
GET,230
GET,526
GET,238
GET,218
GET,271
GET,220
GET,389
GET,257
GET,286
GET,247
POST,1776
GET,259
GET,379
GET,382
GET,364
DELETE,229
GET,260
GET,240
GET,206
GET,232
DELETE,263
GET,417
GET,248
GET,212
GET,320
GET,484
GET,256
POST,2005
GET,460
GET,232
DELETE,215
POST,3118
POST,2369
POST,225
GET,121
POST,2924
GET,418
DELETE,267
GET,230
GET,230
GET,241
GET,209
GET,404
GET,460
GET,274
POST,2861
GET,603
GET,363
GET,510
GET,287
GET,260
POST,2609
POST,1774
GET,478
GET,488
GET,516
GET,285
GET,277
GET,305
GET,265
GET,237
GET,249
GET,486
GET,1064
GET,478
GET,476
GET,335
GET,234
DELETE,577
GET,290
GET,606
GET,252
GET,217
GET,244
GET,254
GET,248
POST,3474
DELETE,545
GET,244
GET,241
DELETE,288
GET,455
DELETE,493
GET,466
GET,291
GET,254
GET,266
DELETE,224
POST,2358
GET,388
GET,279
GET,600
GET,259
GET,247
GET,254
GET,280
DELETE,239
GET,227
GET,248
GET,254
GET,265
POST,1996
GET,317
GET,264
GET,235
POST,3516
DELETE,383
GET,329
GET,250
GET,264
GET,246
GET,273
GET,319
GET,265
GET,268
GET,271
GET,256
GET,261
GET,302
DELETE,393
GET,268
GET,267
GET,256
GET,387
GET,484
GET,261
GET,252
GET,271
GET,271
POST,2673
GET,359
GET,233
GET,473
GET,330
GET,204
GET,124
GET,301
GET,461
GET,278
GET,253
GET,277
GET,264
DELETE,253
GET,243
GET,271
GET,267
GET,245
GET,242
GET,280
GET,244
GET,570
GET,281
POST,2174
GET,286
GET,231
GET,460
GET,229
GET,242
POST,1920
DELETE,589
GET,582
DELETE,380
GET,335
POST,2943
GET,321
GET,305
GET,233
GET,236
DELETE,253
GET,288
GET,235
GET,210
GET,259
GET,295
DELETE,510
GET,207
DELETE,380
GET,992
GET,346
POST,2073
GET,321
GET,361
DELETE,269
GET,258
GET,282
GET,256
GET,529
GET,361
GET,215
GET,251
GET,587
GET,266
POST,1420
GET,373
GET,266
GET,252
POST,3150
GET,377
DELETE,240
GET,273
GET,742
GET,240
POST,1591
GET,492
GET,298
GET,254
GET,536
GET,425
GET,470
DELETE,274
GET,276
GET,241
GET,308
GET,257
GET,250
GET,247
GET,500
GET,291
POST,2020
GET,503
POST,1844
GET,367
GET,233
GET,397
GET,258
GET,338
GET,242
GET,239
DELETE,272
GET,244
GET,489
DELETE,625
GET,342
GET,256
GET,265
GET,178
GET,457
GET,367
GET,525
GET,359
GET,565
DELETE,434
GET,264
GET,255
GET,252
POST,3292
GET,334
GET,258
GET,260
GET,262
GET,247
GET,510
DELETE,290
DELETE,233
GET,572
GET,250
DELETE,245
GET,248
GET,257
GET,459
GET,271
GET,255
GET,260
GET,300
GET,251
GET,292
GET,244
GET,226
GET,505
GET,289
POST,2334
GET,338
GET,264
GET,245
DELETE,441
GET,278
GET,253
GET,277
GET,242
GET,263
GET,236
GET,250
GET,252
POST,2301
GET,367
GET,273
GET,499
GET,268
GET,255
DELETE,589
POST,2548
GET,372
GET,275
GET,239
GET,321
GET,231
GET,240
GET,722
GET,650
GET,342
GET,230
GET,218
GET,222
GET,235
GET,210
GET,169
GET,220
GET,547
DELETE,247
GET,255
GET,257
GET,268
GET,250
POST,2311
GET,714
GET,311
GET,261
GET,463
GET,415
GET,309
POST,3236
GET,348
DELETE,278
DELETE,249
GET,240
GET,248
GET,248
GET,258
GET,231
GET,250
GET,257
GET,416
POST,3349
GET,407
GET,454
GET,248
GET,216
GET,141
GET,334
GET,272
GET,577
GET,330
GET,283
DELETE,264
GET,246
GET,250
GET,307
GET,243
GET,261
GET,257
GET,399
GET,251
DELETE,273
GET,572
GET,262
GET,259
POST,2609
GET,346
GET,532
GET,262
GET,267
GET,649
GET,340
DELETE,270
GET,437
DELETE,240
POST,1842
GET,301
GET,281
GET,216
GET,221
GET,421
GET,307
GET,258
GET,249
GET,536
GET,444
GET,272
GET,264
DELETE,221
GET,429
GET,403
GET,242
GET,253
GET,260
GET,293
GET,228
GET,259
DELETE,290
GET,241
GET,250
GET,239
GET,281
GET,283
GET,494
DELETE,562
POST,2958
DELETE,342
GET,264
GET,268
GET,244
DELETE,253
GET,252
GET,279
GET,481
GET,399
GET,590
GET,325
GET,300
GET,258
POST,2844
GET,527
POST,2338
GET,327
GET,274
POST,2946
GET,337
GET,306
GET,238
GET,821
GET,238
GET,265
GET,294
GET,244
DELETE,275
DELETE,249
GET,306
POST,2438
POST,1424
GET,342
GET,236
DELETE,283
DELETE,308
GET,307
GET,267
GET,254
GET,261
GET,210
GET,213
POST,2228
GET,338
GET,272
GET,257
DELETE,549
POST,2034
POST,1305
GET,333
GET,281
DELETE,415
GET,270
GET,247
GET,252
POST,2156
DELETE,334
GET,298
GET,255
GET,252
GET,533
GET,257
DELETE,456
POST,2871
GET,331
GET,267
GET,496
POST,3055
GET,388
GET,311
GET,255
GET,295
GET,225
GET,225
GET,225
GET,295
GET,277
GET,241
GET,413
GET,287
DELETE,276
GET,585
GET,252
POST,3047
DELETE,373
GET,334
GET,288
GET,202
GET,241
GET,263
DELETE,243
GET,241
GET,454
GET,290
GET,230
GET,234
GET,246
DELETE,341
GET,316
GET,224
GET,224
GET,224
GET,256
POST,2754
GET,494
GET,214
GET,435
GET,235
GET,242
GET,329
GET,233
POST,2897
GET,326
GET,222
GET,244
GET,224
DELETE,222
GET,213
GET,220
GET,232
GET,219
DELETE,218
GET,226
GET,224
DELETE,539
GET,233
POST,2363
DELETE,524
GET,279
GET,321
GET,235
GET,262
GET,248
GET,305
POST,1842
GET,325
GET,236
GET,227
GET,520
POST,2949
GET,281
GET,211
GET,297
GET,459
GET,264
GET,264
GET,231
GET,226
GET,228
POST,1297
DELETE,247
GET,220
GET,224
GET,397
GET,221
GET,226
GET,223
GET,246
GET,353
GET,323
POST,3481
DELETE,337
DELETE,246
DELETE,268
GET,258
GET,247
GET,670
DELETE,295
GET,269
GET,253
GET,272
DELETE,245
GET,238
GET,502
GET,1027
GET,304
GET,531
GET,308
GET,387
GET,265
POST,2648
GET,464
GET,266
GET,227
GET,252
GET,281
GET,240
GET,224
GET,254
GET,530
GET,366
POST,1532
POST,1852
GET,561
GET,920
GET,306
DELETE,286
GET,273
GET,596
GET,1575
GET,609
GET,272
GET,227
GET,222
GET,248
GET,394
DELETE,329
GET,260
GET,248
GET,348
GET,258
POST,1516
GET,249
GET,232
POST,2921
GET,459
GET,260
GET,400
GET,313
GET,388
DELETE,651
GET,258
GET,444
DELETE,465
GET,300
GET,427
GET,281
GET,260
GET,269
GET,270
GET,281
GET,251
DELETE,261
GET,542
GET,405
GET,310
GET,262
GET,245
GET,239
POST,3705
GET,560
GET,359
GET,211
GET,152
GET,317
POST,3139
GET,271
POST,2607
DELETE,366
GET,255
GET,285
GET,255
GET,252
GET,244
GET,593
GET,242
GET,228
GET,242
DELETE,221
DELETE,223
GET,217
GET,249
POST,3525
GET,371
GET,536
GET,552
GET,413
GET,310
GET,253
GET,280
GET,553
GET,557
GET,428
GET,262
POST,3322
GET,530
GET,295
GET,273
GET,243
POST,2960
DELETE,591
GET,520
GET,244
GET,285
GET,402
GET,295
GET,250
GET,264
GET,483
GET,341
GET,276
GET,238
GET,266
GET,248
GET,264
GET,663
GET,249
GET,204
GET,218
GET,205
POST,3261
GET,371
GET,319
GET,270
GET,290
POST,2578
GET,371
GET,248
GET,265
POST,2616
DELETE,322
GET,571
GET,287
GET,268
GET,251
POST,2298
GET,321
GET,261
GET,257
DELETE,548
GET,295
POST,1450
GET,294
DELETE,230
GET,524
POST,1673
GET,361
GET,264
GET,249
GET,627
DELETE,426
GET,305
GET,480
GET,514
GET,305
GET,415
GET,338
GET,1026
GET,248
GET,461
GET,445
DELETE,258
GET,266
GET,205
GET,191
GET,240
GET,380
GET,292
GET,245
GET,244
GET,257
GET,245
GET,464
GET,303
GET,265
GET,266
GET,263
GET,276
GET,248
GET,207
GET,231
GET,252
GET,503
GET,264
POST,1418
GET,315
GET,276
GET,239
POST,2198
GET,354
GET,237
GET,635
GET,258
GET,258
GET,273
GET,264
GET,691
POST,2676
GET,562
GET,211
POST,3570
GET,332
GET,266
GET,465
GET,321
POST,2630
GET,412
POST,1519
GET,1146
GET,341
GET,263
GET,263
DELETE,257
GET,436
DELETE,229
GET,469
GET,286
GET,253
GET,265
GET,261
GET,256
DELETE,672
GET,258
GET,244
GET,547
GET,379
GET,199
GET,233
GET,247
POST,1961
GET,325
GET,264
GET,515
GET,249
GET,202
GET,240
POST,3807
GET,401
GET,264
GET,254
GET,252
GET,256
GET,242
GET,478
DELETE,586
GET,315
GET,278
GET,239
GET,203
GET,235
GET,591
GET,266
GET,223
GET,242
GET,279
GET,466
POST,2580
GET,459
GET,314
DELETE,343
GET,247
GET,209
GET,225
GET,221
GET,169
POST,3226
DELETE,384
POST,1573
GET,459
GET,365
GET,241
GET,220
GET,239
GET,188
DELETE,210
GET,365
GET,280
DELETE,198
POST,1843
GET,260
GET,257
GET,412
DELETE,428
DELETE,229
GET,255
GET,411
GET,248
GET,246
DELETE,293
GET,256
GET,250
GET,247
GET,422
GET,184
DELETE,258
GET,282
GET,305
DELETE,438
GET,263
GET,258
GET,233
GET,274
GET,263
GET,245
DELETE,242
POST,2704
POST,1469
GET,254
GET,270
DELETE,237
GET,208
GET,234
GET,261
POST,1751
GET,273
GET,243
GET,242
GET,255
GET,223
DELETE,216
GET,212
GET,223
GET,217
GET,226
GET,188
POST,2408
GET,290
GET,254
GET,271
GET,252
GET,516
GET,254
GET,244
POST,2240
GET,538
GET,270
GET,265
GET,251
GET,300
GET,252
GET,261
GET,243
GET,261
GET,401
POST,2598
GET,278
GET,267
GET,255
GET,243
GET,257
GET,420
GET,245
GET,379
GET,240
POST,1161
GET,211
GET,204
GET,250
GET,262
DELETE,235
GET,188
GET,214
GET,221
DELETE,431
GET,445
GET,197
GET,337
GET,413
DELETE,319
POST,1801
GET,343
GET,513
GET,402
POST,2481
GET,381
GET,256
GET,213
POST,1730
GET,458
GET,261
GET,259
DELETE,486
GET,425
GET,372
GET,308
DELETE,560
POST,1419
DELETE,335
POST,3060
GET,338
GET,260
GET,261
GET,272
GET,607
GET,597
GET,387
POST,3083
GET,405
GET,279
POST,2695
GET,582
GET,302
GET,235
GET,266
GET,244
DELETE,288
POST,2730
GET,437
GET,269
GET,250
POST,2257
GET,332
GET,267
DELETE,248
GET,301
GET,240
GET,280
GET,599
GET,282
GET,261
GET,264
GET,273
DELETE,280
GET,433
GET,503
GET,281
POST,1607
GET,275
GET,256
POST,2571
GET,538
GET,289
GET,260
POST,2183
GET,335
POST,2001
GET,362
GET,249
GET,252
GET,283
GET,252
GET,233
DELETE,243
GET,268
GET,279
GET,194
GET,220
DELETE,230
GET,394
GET,553
GET,586
GET,324
GET,249
GET,502
GET,259
DELETE,592
GET,284
POST,2160
GET,377
GET,228
GET,237
GET,245
GET,277
GET,278
GET,218
GET,241
GET,210
GET,201
GET,359
GET,268
POST,4121
GET,668
GET,590
GET,300
GET,247
GET,496
GET,238
GET,428
GET,377
GET,184
GET,439
GET,281
GET,224
GET,203
GET,224
POST,2905
GET,380
GET,259
GET,198
DELETE,227
GET,239
GET,239
GET,192
GET,222
GET,219
GET,252
GET,226
GET,189
GET,223
GET,225
POST,2951
GET,398
DELETE,643
POST,3524
GET,339
GET,521
GET,396
GET,265
GET,276
GET,214
GET,240
GET,245
DELETE,531
DELETE,481
GET,322
GET,253
DELETE,220
GET,717
GET,349
POST,2845
GET,264
GET,272
GET,303
GET,286
GET,445
GET,248
GET,251
GET,253
GET,252
GET,253
GET,265
POST,2911
POST,2877
GET,345
GET,264
GET,286
POST,1758
GET,351
GET,251
POST,2499
GET,290
GET,252
GET,254
GET,244
GET,349
GET,472
GET,310
GET,241
POST,3533
DELETE,387
GET,622
DELETE,361
DELETE,220
DELETE,634
GET,315
GET,434
GET,613
GET,274
GET,281
GET,670
POST,3307
POST,2411
GET,656
GET,373
DELETE,269
GET,249
GET,456
GET,228
GET,133
GET,460
GET,240
GET,242
POST,2142
GET,432
POST,2488
GET,416
DELETE,263
GET,516
GET,279
GET,487
GET,290
GET,262
POST,3393
GET,408
GET,404
GET,283
POST,2020
GET,401
GET,261
GET,446
GET,295
POST,3472
GET,460
GET,309
GET,249
GET,326
DELETE,375
DELETE,497
GET,264
GET,249
GET,227
POST,3156
DELETE,379
GET,298
GET,240
GET,255
GET,248
POST,1494
GET,325
GET,287
POST,1637
GET,361
GET,240
GET,210
GET,227
GET,228
GET,231
GET,213
GET,216
DELETE,224
GET,358
GET,577
GET,270
GET,563
GET,346
POST,3562
GET,517
DELETE,339
GET,615
GET,529
DELETE,301
DELETE,254
GET,287
DELETE,271
POST,2938
GET,398
GET,272
GET,270
GET,486
DELETE,422
POST,1793
GET,296
GET,388
GET,323
DELETE,382
GET,254
GET,282
DELETE,299
DELETE,513
GET,494
GET,241
POST,2638
GET,519
GET,265
GET,446
GET,267
DELETE,314
POST,2223
GET,526
GET,282
GET,246
GET,259
GET,437
GET,481
GET,218
GET,300
POST,2424
GET,333
POST,221
POST,1357
GET,272
GET,270
GET,485
DELETE,239
GET,230
GET,564
GET,449
GET,275
GET,644
GET,610
POST,2670
GET,385
GET,476
GET,266
GET,605
GET,343
GET,523
POST,2957
GET,567
GET,622
GET,329
GET,307
GET,241
GET,237
GET,253
GET,278
GET,258
GET,251
GET,248
GET,280
GET,271
GET,531
GET,400
GET,267
GET,651
GET,260
GET,216
DELETE,595
POST,3002
DELETE,296
GET,522
GET,305
GET,266
DELETE,246
GET,282
POST,1729
GET,561
GET,290
GET,253
GET,511
POST,3018
DELETE,556
DELETE,375
GET,265
GET,429
GET,451
DELETE,230
GET,299
POST,2545
GET,664
GET,324
GET,264
POST,3154
GET,407
GET,249
POST,2818
POST,2653
GET,358
GET,249
GET,246
GET,454
GET,363
GET,517
POST,2623
GET,332
GET,249
GET,243
GET,256
GET,249
POST,2168
GET,483
GET,281
GET,475
GET,275
GET,495
GET,398
POST,2536
GET,426
GET,257
GET,284
GET,459
GET,268
GET,265
DELETE,309
GET,504
GET,400
POST,2662
GET,392
GET,261
GET,229
GET,328
GET,421
GET,331
DELETE,320
GET,471
DELETE,244
GET,294
DELETE,542
GET,277
DELETE,464
DELETE,278
GET,445
GET,216
GET,346
GET,533
GET,400
GET,251
GET,326
GET,257
GET,258
GET,261
GET,405
POST,3516
GET,428
GET,454
GET,262
GET,296
GET,208
POST,2745
GET,339
GET,335
GET,475
GET,257
GET,250
DELETE,302
GET,234
GET,492
POST,1454
GET,286
GET,241
GET,240
DELETE,243
GET,187
GET,170
POST,1319
GET,347
GET,501
POST,1585
GET,270
GET,232
GET,247
GET,246
GET,225
POST,1786
GET,276
GET,238
GET,262
GET,272
GET,380
POST,2368
POST,1339
DELETE,223
GET,234
GET,238
GET,239
GET,215
GET,449
GET,498
GET,595
POST,1716
GET,260
DELETE,285
GET,193
POST,1478
GET,257
GET,231
GET,232
GET,231
GET,256
GET,239
GET,225
DELETE,237
GET,232
GET,247
GET,191
GET,234
GET,551
DELETE,234
GET,345
POST,3910
GET,389
GET,274
GET,321
GET,264
POST,2790
GET,287
POST,2987
GET,322
GET,271
GET,250
GET,220
